name,review_dates,review_authors
ESQA Flawless Powder Foundation,12 jam lalu,8***7
ESQA Flawless Powder Foundation,3 hari lalu,Feni
ESQA Flawless Powder Foundation,1 minggu lalu,Reza A.
ESQA Flawless Powder Foundation,1 minggu lalu,I***.
ESQA Flawless Powder Foundation,1 minggu lalu,Bintang I.
ESQA Flawless Powder Foundation,1 minggu lalu,Ribka M.
ESQA Flawless Powder Foundation,1 minggu lalu,Fitri Y.
ESQA Flawless Powder Foundation,1 minggu lalu,8***3
ESQA Flawless Powder Foundation,1 minggu lalu,M***.
ESQA Flawless Powder Foundation,2 minggu lalu,nahrnsa
ESQA Flawless Powder Foundation,2 minggu lalu,Harti N.
ESQA Flawless Powder Foundation,2 minggu lalu,M***.
ESQA Flawless Powder Foundation,2 minggu lalu,Anike R.
ESQA Flawless Powder Foundation,2 minggu lalu,tantya W.
ESQA Flawless Powder Foundation,2 minggu lalu,s***y
ESQA Flawless Powder Foundation,2 minggu lalu,hanggary F.
ESQA Flawless Powder Foundation,2 minggu lalu,Dewita R.
ESQA Flawless Powder Foundation,2 minggu lalu,****7
ESQA Flawless Powder Foundation,2 minggu lalu,ressada
ESQA Flawless Powder Foundation,2 minggu lalu,Jessyamelia
ESQA Flawless Powder Foundation,2 minggu lalu,yusup O.
ESQA Flawless Powder Foundation,2 minggu lalu,vivi W.
ESQA Flawless Powder Foundation,2 minggu lalu,AURA F.
ESQA Flawless Powder Foundation,2 minggu lalu,M***.
ESQA Flawless Powder Foundation,2 minggu lalu,0***3
ESQA Flawless Powder Foundation,3 minggu lalu,Keisha N.
ESQA Flawless Powder Foundation,3 minggu lalu,ani E.
ESQA Flawless Powder Foundation,3 minggu lalu,Sukardii
ESQA Flawless Powder Foundation,3 minggu lalu,Hartini
ESQA Flawless Powder Foundation,3 minggu lalu,Nana
ESQA Flawless Powder Foundation,4 minggu lalu,S***.
ESQA Flawless Powder Foundation,4 minggu lalu,Puji P.
ESQA Flawless Powder Foundation,26 Okt 2024,8***5
ESQA Flawless Powder Foundation,21 Okt 2024,8***8
ESQA Flawless Powder Foundation,18 Okt 2024,Samara
ESQA Flawless Powder Foundation,16 Okt 2024,Irma P.
ESQA Flawless Powder Foundation,12 Okt 2024,Kurnia S.
ESQA Flawless Powder Foundation,12 Okt 2024,t***.
ESQA Flawless Powder Foundation,10 Okt 2024,Vanda K.
ESQA Flawless Powder Foundation,07 Okt 2024,D***.
ESQA Flawless Powder Foundation,02 Okt 2024,a***l
ESQA Flawless Powder Foundation,02 Okt 2024,Anno H.
ESQA Flawless Powder Foundation,23 Sep 2024,Anggita
ESQA Flawless Powder Foundation,21 Sep 2024,meibee A.
ESQA Flawless Powder Foundation,16 Sep 2024,slsabila13
ESQA Flawless Powder Foundation,14 Sep 2024,Mafunatus S.
ESQA Flawless Powder Foundation,12 Sep 2024,S***.
ESQA Flawless Powder Foundation,10 Sep 2024,Dyah R.
ESQA Flawless Powder Foundation,09 Sep 2024,nanda R.
ESQA Flawless Powder Foundation,09 Sep 2024,hanifah S.
ESQA Flawless Powder Foundation,09 Sep 2024,naila S.
ESQA Flawless Powder Foundation,09 Sep 2024,naila S.
ESQA Flawless Powder Foundation,04 Sep 2024,I***.
ESQA Flawless Powder Foundation,02 Sep 2024,Nuri A.
ESQA Flawless Powder Foundation,02 Sep 2024,8***7
ESQA Flawless Powder Foundation,02 Sep 2024,Shelly
ESQA Flawless Powder Foundation,01 Sep 2024,Elda
ESQA Flawless Powder Foundation,30 Agt 2024,resti V.
ESQA Flawless Powder Foundation,30 Agt 2024,Farzana
ESQA Flawless Powder Foundation,29 Agt 2024,F***.
ESQA Flawless Powder Foundation,28 Agt 2024,Neysa S.
ESQA Flawless Powder Foundation,25 Agt 2024,puput A.
ESQA Flawless Powder Foundation,23 Agt 2024,ellamalinda
ESQA Flawless Powder Foundation,17 Agt 2024,MUH R.
ESQA Flawless Powder Foundation,15 Agt 2024,eko S.
ESQA Flawless Powder Foundation,14 Agt 2024,Maftuhii
ESQA Flawless Powder Foundation,14 Agt 2024,Anggi F.
ESQA Flawless Powder Foundation,14 Agt 2024,Anno H.
ESQA Flawless Powder Foundation,12 Agt 2024,Ichaa Y.
ESQA Flawless Powder Foundation,11 Agt 2024,adi S.
ESQA Flawless Powder Foundation,07 Agt 2024,Rany R.
ESQA Flawless Powder Foundation,05 Agt 2024,S***.
ESQA Flawless Powder Foundation,03 Agt 2024,8***4
ESQA Flawless Powder Foundation,01 Agt 2024,A***.
ESQA Flawless Powder Foundation,31 Jul 2024,Rifky 1.
ESQA Flawless Powder Foundation,31 Jul 2024,agun R.
ESQA Flawless Powder Foundation,31 Jul 2024,T***.
ESQA Flawless Powder Foundation,30 Jul 2024,Sri B.
ESQA Flawless Powder Foundation,30 Jul 2024,H***.
ESQA Flawless Powder Foundation,29 Jul 2024,L***n
ESQA Flawless Powder Foundation,29 Jul 2024,kikyoctaviare
ESQA Flawless Powder Foundation,29 Jul 2024,Tika R.
ESQA Flawless Powder Foundation,29 Jul 2024,****1
ESQA Flawless Powder Foundation,29 Jul 2024,Santi M.
ESQA Flawless Powder Foundation,29 Jul 2024,Eva L.
ESQA Flawless Powder Foundation,27 Jul 2024,yuni K.
ESQA Flawless Powder Foundation,24 Jul 2024,S***.
ESQA Flawless Powder Foundation,24 Jul 2024,aufa A.
ESQA Flawless Powder Foundation,22 Jul 2024,L***.
ESQA Flawless Powder Foundation,21 Jul 2024,isti F.
ESQA Flawless Powder Foundation,21 Jul 2024,Kerpita Y.
ESQA Flawless Powder Foundation,18 Jul 2024,*********634
ESQA Flawless Powder Foundation,18 Jul 2024,Adinda A.
ESQA Flawless Powder Foundation,17 Jul 2024,0***5
ESQA Flawless Powder Foundation,17 Jul 2024,Mita M.
ESQA Flawless Powder Foundation,15 Jul 2024,izza N.
ESQA Flawless Powder Foundation,14 Jul 2024,H***l
ESQA Flawless Powder Foundation,14 Jul 2024,W***.
ESQA Flawless Powder Foundation,14 Jul 2024,Erida F.
ESQA Flawless Powder Foundation,12 Jul 2024,el
ESQA Flawless Powder Foundation,12 Jul 2024,N A.
ESQA Flawless Powder Foundation,11 Jul 2024,*********284
ESQA Flawless Powder Foundation,11 Jul 2024,M***.
ESQA Flawless Powder Foundation,11 Jul 2024,e***.
ESQA Flawless Powder Foundation,11 Jul 2024,r***.
ESQA Flawless Powder Foundation,11 Jul 2024,Mahenitha
ESQA Flawless Powder Foundation,11 Jul 2024,Ryanti R.
ESQA Flawless Powder Foundation,10 Jul 2024,Nisa I.
ESQA Flawless Powder Foundation,10 Jul 2024,Nandhita
ESQA Flawless Powder Foundation,10 Jul 2024,T***.
ESQA Flawless Powder Foundation,10 Jul 2024,classythelabel
ESQA Flawless Powder Foundation,09 Jul 2024,Sisca E.
ESQA Flawless Powder Foundation,09 Jul 2024,Santi K.
ESQA Flawless Powder Foundation,09 Jul 2024,Tiffany A.
ESQA Flawless Powder Foundation,07 Jul 2024,lailatul R.
ESQA Flawless Powder Foundation,06 Jul 2024,N***.
ESQA Flawless Powder Foundation,03 Jul 2024,*********801
ESQA Flawless Powder Foundation,03 Jul 2024,8***0
ESQA Flawless Powder Foundation,03 Jul 2024,N***a
ESQA Flawless Powder Foundation,02 Jul 2024,Amanda Z.
ESQA Flawless Powder Foundation,02 Jul 2024,nurul A.
ESQA Flawless Powder Foundation,02 Jul 2024,Linda
ESQA Flawless Powder Foundation,02 Jul 2024,Feranita J.
ESQA Flawless Powder Foundation,02 Jul 2024,Rere U.
ESQA Flawless Powder Foundation,01 Jul 2024,****6
ESQA Flawless Powder Foundation,01 Jul 2024,Y***.
ESQA Flawless Powder Foundation,30 Jun 2024,Nia W.
ESQA Flawless Powder Foundation,30 Jun 2024,Rahma A.
ESQA Flawless Powder Foundation,29 Jun 2024,iis A.
ESQA Flawless Powder Foundation,29 Jun 2024,Yuyun
ESQA Flawless Powder Foundation,28 Jun 2024,r***.
ESQA Flawless Powder Foundation,28 Jun 2024,I***.
ESQA Flawless Powder Foundation,28 Jun 2024,Nandini U.
ESQA Flawless Powder Foundation,28 Jun 2024,8***4
ESQA Flawless Powder Foundation,27 Jun 2024,laila
ESQA Flawless Powder Foundation,27 Jun 2024,savitri L.
ESQA Flawless Powder Foundation,26 Jun 2024,8***8
ESQA Flawless Powder Foundation,26 Jun 2024,Ndvaa R.
ESQA Flawless Powder Foundation,26 Jun 2024,Ndvaa R.
ESQA Flawless Powder Foundation,23 Jun 2024,Justina K.
ESQA Flawless Powder Foundation,23 Jun 2024,Justina K.
ESQA Flawless Powder Foundation,22 Jun 2024,M***.
ESQA Flawless Powder Foundation,21 Jun 2024,A***u
ESQA Flawless Powder Foundation,21 Jun 2024,0***3
ESQA Flawless Powder Foundation,20 Jun 2024,M***n
ESQA Flawless Powder Foundation,19 Jun 2024,Wawa
ESQA Flawless Powder Foundation,19 Jun 2024,D***a
ESQA Flawless Powder Foundation,19 Jun 2024,8***9
ESQA Flawless Powder Foundation,18 Jun 2024,Rai W.
ESQA Flawless Powder Foundation,18 Jun 2024,S***.
ESQA Flawless Powder Foundation,16 Jun 2024,t***.
ESQA Flawless Powder Foundation,14 Jun 2024,Alit B.
ESQA Flawless Powder Foundation,12 Jun 2024,Sarifudin
ESQA Flawless Powder Foundation,11 Jun 2024,Fiacollection
ESQA Flawless Powder Foundation,11 Jun 2024,Vivian K.
ESQA Flawless Powder Foundation,10 Jun 2024,pipit B.
ESQA Flawless Powder Foundation,10 Jun 2024,Ivalaili F.
ESQA Flawless Powder Foundation,10 Jun 2024,I***.
ESQA Flawless Powder Foundation,10 Jun 2024,A***.
ESQA Flawless Powder Foundation,10 Jun 2024,8***1
ESQA Flawless Powder Foundation,10 Jun 2024,Riri A.
ESQA Flawless Powder Foundation,09 Jun 2024,****9
ESQA Flawless Powder Foundation,09 Jun 2024,henythea7173
ESQA Flawless Powder Foundation,09 Jun 2024,dewi S.
ESQA Flawless Powder Foundation,09 Jun 2024,Eka W.
ESQA Flawless Powder Foundation,09 Jun 2024,*********030
ESQA Flawless Powder Foundation,09 Jun 2024,Anis W.
ESQA Flawless Powder Foundation,09 Jun 2024,Bella
ESQA Flawless Powder Foundation,09 Jun 2024,S***y
ESQA Flawless Powder Foundation,08 Jun 2024,*********625
ESQA Flawless Powder Foundation,07 Jun 2024,Salsabila S.
ESQA Flawless Powder Foundation,07 Jun 2024,apri H.
ESQA Flawless Powder Foundation,07 Jun 2024,f***n
ESQA Flawless Powder Foundation,07 Jun 2024,8***1
ESQA Flawless Powder Foundation,05 Jun 2024,Rahmi M.
ESQA Flawless Powder Foundation,05 Jun 2024,Putri S.
ESQA Flawless Powder Foundation,05 Jun 2024,M***i
ESQA Flawless Powder Foundation,04 Jun 2024,*********382
ESQA Flawless Powder Foundation,04 Jun 2024,Bella
ESQA Flawless Powder Foundation,04 Jun 2024,0***6
ESQA Flawless Powder Foundation,03 Jun 2024,f***.
ESQA Flawless Powder Foundation,02 Jun 2024,AJR
ESQA Flawless Powder Foundation,01 Jun 2024,N***.
ESQA Flawless Powder Foundation,30 Mei 2024,M***i
ESQA Flawless Powder Foundation,30 Mei 2024,Devi M.
ESQA Flawless Powder Foundation,30 Mei 2024,Mella A.
ESQA Flawless Powder Foundation,29 Mei 2024,eka P.
ESQA Flawless Powder Foundation,29 Mei 2024,rimatsabita
ESQA Flawless Powder Foundation,29 Mei 2024,Jejelia N.
ESQA Flawless Powder Foundation,28 Mei 2024,Thä T.
ESQA Flawless Powder Foundation,28 Mei 2024,Vania S.
ESQA Flawless Powder Foundation,26 Mei 2024,s***.
ESQA Flawless Powder Foundation,21 Mei 2024,L***a
ESQA Flawless Powder Foundation,14 Mei 2024,*********162
ESQA Flawless Powder Foundation,14 Mei 2024,Salma A.
ESQA Flawless Powder Foundation,13 Mei 2024,Selly M.
ESQA Flawless Powder Foundation,13 Mei 2024,riesna B.
ESQA Flawless Powder Foundation,12 Mei 2024,Ria A.
ESQA Flawless Powder Foundation,12 Mei 2024,YATI
ESQA Flawless Powder Foundation,12 Mei 2024,Aprilia N.
ESQA Flawless Powder Foundation,11 Mei 2024,a***.
ESQA Flawless Powder Foundation,10 Mei 2024,Tyas
ESQA Flawless Powder Foundation,09 Mei 2024,Fathur M.
ESQA Flawless Powder Foundation,09 Mei 2024,Swensy W.
ESQA Flawless Powder Foundation,05 Mei 2024,Sharron K.
ESQA Flawless Powder Foundation,05 Mei 2024,alisha
ESQA Flawless Powder Foundation,05 Mei 2024,widi A.
ESQA Flawless Powder Foundation,04 Mei 2024,Mputt P.
ESQA Flawless Powder Foundation,02 Mei 2024,r***a
ESQA Flawless Powder Foundation,02 Mei 2024,Nesha T.
ESQA Flawless Powder Foundation,02 Mei 2024,Shabrina H.
ESQA Flawless Powder Foundation,01 Mei 2024,Novi Y.
ESQA Flawless Powder Foundation,30 Apr 2024,****8
ESQA Flawless Powder Foundation,28 Apr 2024,endi
ESQA Flawless Powder Foundation,28 Apr 2024,sparkalinn
ESQA Flawless Powder Foundation,27 Apr 2024,Selvina M.
ESQA Flawless Powder Foundation,26 Apr 2024,lelly F.
ESQA Flawless Powder Foundation,26 Apr 2024,*********418
ESQA Flawless Powder Foundation,25 Apr 2024,*********016
ESQA Flawless Powder Foundation,23 Apr 2024,Sarah S.
ESQA Flawless Powder Foundation,22 Apr 2024,Anita A.
ESQA Flawless Powder Foundation,21 Apr 2024,ditarahma
ESQA Flawless Powder Foundation,21 Apr 2024,Meysi A.
ESQA Flawless Powder Foundation,20 Apr 2024,Revita
ESQA Flawless Powder Foundation,20 Apr 2024,A***a
ESQA Flawless Powder Foundation,18 Apr 2024,Asiyah K.
ESQA Flawless Powder Foundation,18 Apr 2024,suzan A.
ESQA Flawless Powder Foundation,18 Apr 2024,Muhammad H.
ESQA Flawless Powder Foundation,17 Apr 2024,A***l
ESQA Flawless Powder Foundation,17 Apr 2024,Garnis
ESQA Flawless Powder Foundation,17 Apr 2024,Gigi B.
ESQA Flawless Powder Foundation,16 Apr 2024,Ririsdsafitri
ESQA Flawless Powder Foundation,15 Apr 2024,Widya N.
ESQA Flawless Powder Foundation,15 Apr 2024,*********998
ESQA Flawless Powder Foundation,15 Apr 2024,Nurul
ESQA Flawless Powder Foundation,15 Apr 2024,r***.
ESQA Flawless Powder Foundation,14 Apr 2024,Diva C.
ESQA Flawless Powder Foundation,14 Apr 2024,Diva C.
ESQA Flawless Powder Foundation,13 Apr 2024,belindha Y.
ESQA Flawless Powder Foundation,08 Apr 2024,Siska H.
ESQA Flawless Powder Foundation,06 Apr 2024,Ai U.
ESQA Flawless Powder Foundation,06 Apr 2024,i***.
ESQA Flawless Powder Foundation,04 Apr 2024,Nadila A.
ESQA Flawless Powder Foundation,04 Apr 2024,A***.
ESQA Flawless Powder Foundation,04 Apr 2024,Dama S.
ESQA Flawless Powder Foundation,03 Apr 2024,tiara I.
ESQA Flawless Powder Foundation,03 Apr 2024,lestari I.
ESQA Flawless Powder Foundation,03 Apr 2024,Latifah
ESQA Flawless Powder Foundation,03 Apr 2024,Latifah
ESQA Flawless Powder Foundation,03 Apr 2024,Bunga L.
ESQA Flawless Powder Foundation,02 Apr 2024,Rahmi M.
ESQA Flawless Powder Foundation,02 Apr 2024,rachmatika A.
ESQA Flawless Powder Foundation,01 Apr 2024,Dessy
ESQA Flawless Powder Foundation,01 Apr 2024,AZ
ESQA Flawless Powder Foundation,01 Apr 2024,dewi S.
ESQA Flawless Powder Foundation,31 Mar 2024,angelia R.
ESQA Flawless Powder Foundation,31 Mar 2024,Irine W.
ESQA Flawless Powder Foundation,30 Mar 2024,windi
ESQA Flawless Powder Foundation,30 Mar 2024,Mira A.
ESQA Flawless Powder Foundation,30 Mar 2024,S***.
ESQA Flawless Powder Foundation,30 Mar 2024,Francisca S.
ESQA Flawless Powder Foundation,30 Mar 2024,dinny I.
ESQA Flawless Powder Foundation,29 Mar 2024,0***1
ESQA Flawless Powder Foundation,29 Mar 2024,Ika R.
ESQA Flawless Powder Foundation,29 Mar 2024,Novi Y.
ESQA Flawless Powder Foundation,28 Mar 2024,Yulanda K.
ESQA Flawless Powder Foundation,28 Mar 2024,********788
ESQA Flawless Powder Foundation,28 Mar 2024,Santi M.
ESQA Flawless Powder Foundation,26 Mar 2024,endang
ESQA Flawless Powder Foundation,25 Mar 2024,Syakira
ESQA Flawless Powder Foundation,24 Mar 2024,Leza A.
ESQA Flawless Powder Foundation,23 Mar 2024,iin H.
ESQA Flawless Powder Foundation,23 Mar 2024,Sofi Y.
ESQA Flawless Powder Foundation,22 Mar 2024,*******280
ESQA Flawless Powder Foundation,20 Mar 2024,L***.
ESQA Flawless Powder Foundation,19 Mar 2024,Nunung N.
ESQA Flawless Powder Foundation,16 Mar 2024,Nurul C.
ESQA Flawless Powder Foundation,16 Mar 2024,Halimatussadiah
ESQA Flawless Powder Foundation,16 Mar 2024,Siti M.
ESQA Flawless Powder Foundation,15 Mar 2024,f***.
ESQA Flawless Powder Foundation,15 Mar 2024,Maria M.
ESQA Flawless Powder Foundation,15 Mar 2024,Fauziah D.
ESQA Flawless Powder Foundation,12 Mar 2024,Ariez F.
ESQA Flawless Powder Foundation,11 Mar 2024,Ferginia D.
ESQA Flawless Powder Foundation,10 Mar 2024,********605
ESQA Flawless Powder Foundation,10 Mar 2024,Fithryani F.
ESQA Flawless Powder Foundation,09 Mar 2024,CUCU K.
ESQA Flawless Powder Foundation,08 Mar 2024,Kai A.
ESQA Flawless Powder Foundation,08 Mar 2024,Shely T.
ESQA Flawless Powder Foundation,07 Mar 2024,moon
ESQA Flawless Powder Foundation,07 Mar 2024,annisajuliee
ESQA Flawless Powder Foundation,07 Mar 2024,Euis R.
ESQA Flawless Powder Foundation,07 Mar 2024,Dewi N.
ESQA Flawless Powder Foundation,07 Mar 2024,I***.
ESQA Flawless Powder Foundation,06 Mar 2024,N***a
ESQA Flawless Powder Foundation,06 Mar 2024,Elsa M.
ESQA Flawless Powder Foundation,05 Mar 2024,Ekadewi 0.
ESQA Flawless Powder Foundation,05 Mar 2024,r***.
ESQA Flawless Powder Foundation,05 Mar 2024,a***.
ESQA Flawless Powder Foundation,04 Mar 2024,Revi S.
ESQA Flawless Powder Foundation,03 Mar 2024,g***t
ESQA Flawless Powder Foundation,03 Mar 2024,B.Kristin R.
ESQA Flawless Powder Foundation,03 Mar 2024,El R.
ESQA Flawless Powder Foundation,28 Feb 2024,Anne M.
ESQA Flawless Powder Foundation,27 Feb 2024,moon
ESQA Flawless Powder Foundation,24 Feb 2024,Azizah
ESQA Flawless Powder Foundation,23 Feb 2024,Maey L.
ESQA Flawless Powder Foundation,21 Feb 2024,nancya
ESQA Flawless Powder Foundation,20 Feb 2024,devi D.
ESQA Flawless Powder Foundation,16 Feb 2024,F***a
ESQA Flawless Powder Foundation,15 Feb 2024,Fitria D.
ESQA Flawless Powder Foundation,13 Feb 2024,alzelia
ESQA Flawless Powder Foundation,12 Feb 2024,8***6
ESQA Flawless Powder Foundation,10 Feb 2024,8***9
ESQA Flawless Powder Foundation,10 Feb 2024,riri R.
ESQA Flawless Powder Foundation,07 Feb 2024,Putri A.
ESQA Flawless Powder Foundation,07 Feb 2024,8***9
ESQA Flawless Powder Foundation,06 Feb 2024,syifa
ESQA Flawless Powder Foundation,06 Feb 2024,Chellsea
ESQA Flawless Powder Foundation,06 Feb 2024,8***6
ESQA Flawless Powder Foundation,06 Feb 2024,Sehoon D.
ESQA Flawless Powder Foundation,05 Feb 2024,g***t
ESQA Flawless Powder Foundation,05 Feb 2024,Zunita
ESQA Flawless Powder Foundation,05 Feb 2024,e***a
ESQA Flawless Powder Foundation,05 Feb 2024,t***.
ESQA Flawless Powder Foundation,05 Feb 2024,Ady G.
ESQA Flawless Powder Foundation,03 Feb 2024,8***8
ESQA Flawless Powder Foundation,03 Feb 2024,Lauren 詹.
ESQA Flawless Powder Foundation,02 Feb 2024,8***0
ESQA Flawless Powder Foundation,02 Feb 2024,Citra P.
ESQA Flawless Powder Foundation,01 Feb 2024,F***i
ESQA Flawless Powder Foundation,01 Feb 2024,Lala
ESQA Flawless Powder Foundation,31 Jan 2024,andi N.
ESQA Flawless Powder Foundation,31 Jan 2024,ika Y.
ESQA Flawless Powder Foundation,31 Jan 2024,Riana B.
ESQA Flawless Powder Foundation,30 Jan 2024,8***5
ESQA Flawless Powder Foundation,30 Jan 2024,I***.
ESQA Flawless Powder Foundation,29 Jan 2024,Adrian J.
ESQA Flawless Powder Foundation,29 Jan 2024,nadiya R.
ESQA Flawless Powder Foundation,28 Jan 2024,f***a
ESQA Flawless Powder Foundation,27 Jan 2024,desi P.
ESQA Flawless Powder Foundation,26 Jan 2024,T***.
ESQA Flawless Powder Foundation,26 Jan 2024,R***.
ESQA Flawless Powder Foundation,24 Jan 2024,i***.
ESQA Flawless Powder Foundation,24 Jan 2024,arum P.
ESQA Flawless Powder Foundation,22 Jan 2024,E***y
ESQA Flawless Powder Foundation,18 Jan 2024,Risda H.
ESQA Flawless Powder Foundation,18 Jan 2024,triwulandari
ESQA Flawless Powder Foundation,17 Jan 2024,endit M.
ESQA Flawless Powder Foundation,17 Jan 2024,0***3
ESQA Flawless Powder Foundation,16 Jan 2024,*********546
ESQA Flawless Powder Foundation,13 Jan 2024,Yuyenti L.
ESQA Flawless Powder Foundation,13 Jan 2024,H***.
ESQA Flawless Powder Foundation,12 Jan 2024,Kiki P.
ESQA Flawless Powder Foundation,12 Jan 2024,L***.
ESQA Flawless Powder Foundation,11 Jan 2024,Yulina R.
ESQA Flawless Powder Foundation,10 Jan 2024,Ricke O.
ESQA Flawless Powder Foundation,09 Jan 2024,f***h
ESQA Flawless Powder Foundation,08 Jan 2024,Ika S.
ESQA Flawless Powder Foundation,07 Jan 2024,Indah N.
ESQA Flawless Powder Foundation,06 Jan 2024,delviayc
ESQA Flawless Powder Foundation,05 Jan 2024,Fitri W.
ESQA Flawless Powder Foundation,05 Jan 2024,Dinda Z.
ESQA Flawless Powder Foundation,05 Jan 2024,8***2
ESQA Flawless Powder Foundation,04 Jan 2024,Sindi
ESQA Flawless Powder Foundation,04 Jan 2024,katrin W.
ESQA Flawless Powder Foundation,04 Jan 2024,s***.
ESQA Flawless Powder Foundation,03 Jan 2024,8***6
ESQA Flawless Powder Foundation,02 Jan 2024,Fitri E.
ESQA Flawless Powder Foundation,01 Jan 2024,0***3
ESQA Flawless Powder Foundation,01 Jan 2024,Dita
ESQA Flawless Liquid Concealer,1 hari lalu,Alya D.
ESQA Flawless Liquid Concealer,3 hari lalu,Yeni
ESQA Flawless Liquid Concealer,4 hari lalu,A***.
ESQA Flawless Liquid Concealer,1 minggu lalu,wigostry
ESQA Flawless Liquid Concealer,1 minggu lalu,F***i
ESQA Flawless Liquid Concealer,1 minggu lalu,g***p
ESQA Flawless Liquid Concealer,1 minggu lalu,b***9
ESQA Flawless Liquid Concealer,2 minggu lalu,Nisa S.
ESQA Flawless Liquid Concealer,2 minggu lalu,*********053
ESQA Flawless Liquid Concealer,2 minggu lalu,F***.
ESQA Flawless Liquid Concealer,2 minggu lalu,Fitri S.
ESQA Flawless Liquid Concealer,2 minggu lalu,E***.
ESQA Flawless Liquid Concealer,2 minggu lalu,Eka I.
ESQA Flawless Liquid Concealer,2 minggu lalu,Eka S.
ESQA Flawless Liquid Concealer,2 minggu lalu,V***.
ESQA Flawless Liquid Concealer,3 minggu lalu,nurhayati
ESQA Flawless Liquid Concealer,3 minggu lalu,isalma M.
ESQA Flawless Liquid Concealer,3 minggu lalu,Aulia R.
ESQA Flawless Liquid Concealer,3 minggu lalu,Aqiila T.
ESQA Flawless Liquid Concealer,4 minggu lalu,H***.
ESQA Flawless Liquid Concealer,4 minggu lalu,F***.
ESQA Flawless Liquid Concealer,4 minggu lalu,A***l
ESQA Flawless Liquid Concealer,4 minggu lalu,A***.
ESQA Flawless Liquid Concealer,4 minggu lalu,Sutrisno S.
ESQA Flawless Liquid Concealer,4 minggu lalu,Cecilia A.
ESQA Flawless Liquid Concealer,27 Okt 2024,Hartita R.
ESQA Flawless Liquid Concealer,26 Okt 2024,Evy
ESQA Flawless Liquid Concealer,19 Okt 2024,O***a
ESQA Flawless Liquid Concealer,18 Okt 2024,R***a
ESQA Flawless Liquid Concealer,15 Okt 2024,*********819
ESQA Flawless Liquid Concealer,14 Okt 2024,Saluna A.
ESQA Flawless Liquid Concealer,04 Okt 2024,s***l
ESQA Flawless Liquid Concealer,03 Okt 2024,Divana H.
ESQA Flawless Liquid Concealer,01 Okt 2024,T***.
ESQA Flawless Liquid Concealer,17 Sep 2024,felisia A.
ESQA Flawless Liquid Concealer,15 Sep 2024,hana A.
ESQA Flawless Liquid Concealer,13 Sep 2024,Saffira C.
ESQA Flawless Liquid Concealer,12 Sep 2024,Laura P.
ESQA Flawless Liquid Concealer,12 Sep 2024,Siti M.
ESQA Flawless Liquid Concealer,07 Sep 2024,Nabila A.
ESQA Flawless Liquid Concealer,07 Sep 2024,a***l
ESQA Flawless Liquid Concealer,03 Sep 2024,Ayu A.
ESQA Flawless Liquid Concealer,02 Sep 2024,Yinn
ESQA Flawless Liquid Concealer,01 Sep 2024,Cheryl M.
ESQA Flawless Liquid Concealer,01 Sep 2024,A***.
ESQA Flawless Liquid Concealer,29 Agt 2024,R***a
ESQA Flawless Liquid Concealer,28 Agt 2024,Cheryl M.
ESQA Flawless Liquid Concealer,28 Agt 2024,*********247
ESQA Flawless Liquid Concealer,11 Agt 2024,Fany V.
ESQA Flawless Liquid Concealer,09 Agt 2024,p***i
ESQA Flawless Liquid Concealer,09 Agt 2024,Trisky F.
ESQA Flawless Liquid Concealer,08 Agt 2024,Rudy C.
ESQA Flawless Liquid Concealer,05 Agt 2024,Lydia
ESQA Flawless Liquid Concealer,04 Agt 2024,8***0
ESQA Flawless Liquid Concealer,02 Agt 2024,zilfa T.
ESQA Flawless Liquid Concealer,02 Agt 2024,Winalisa
ESQA Flawless Liquid Concealer,01 Agt 2024,N***.
ESQA Flawless Liquid Concealer,31 Jul 2024,s***.
ESQA Flawless Liquid Concealer,29 Jul 2024,J***.
ESQA Flawless Liquid Concealer,29 Jul 2024,Malihah
ESQA Flawless Liquid Concealer,28 Jul 2024,guest
ESQA Flawless Liquid Concealer,27 Jul 2024,0***9
ESQA Flawless Liquid Concealer,25 Jul 2024,j***.
ESQA Flawless Liquid Concealer,24 Jul 2024,Lilie C.
ESQA Flawless Liquid Concealer,23 Jul 2024,Nazwa A.
ESQA Flawless Liquid Concealer,20 Jul 2024,Evy
ESQA Flawless Liquid Concealer,20 Jul 2024,Resmika U.
ESQA Flawless Liquid Concealer,20 Jul 2024,ANIDA Z.
ESQA Flawless Liquid Concealer,18 Jul 2024,fransiskalissa
ESQA Flawless Liquid Concealer,14 Jul 2024,rara I.
ESQA Flawless Liquid Concealer,13 Jul 2024,wanto
ESQA Flawless Liquid Concealer,12 Jul 2024,SAFIERA M.
ESQA Flawless Liquid Concealer,11 Jul 2024,Aulia R.
ESQA Flawless Liquid Concealer,11 Jul 2024,Christy D.
ESQA Flawless Liquid Concealer,10 Jul 2024,M***.
ESQA Flawless Liquid Concealer,09 Jul 2024,N***.
ESQA Flawless Liquid Concealer,09 Jul 2024,F***.
ESQA Flawless Liquid Concealer,07 Jul 2024,Indah L.
ESQA Flawless Liquid Concealer,05 Jul 2024,Ihza A.
ESQA Flawless Liquid Concealer,05 Jul 2024,eka J.
ESQA Flawless Liquid Concealer,04 Jul 2024,i***.
ESQA Flawless Liquid Concealer,02 Jul 2024,morkleee
ESQA Flawless Liquid Concealer,02 Jul 2024,Nada G.
ESQA Flawless Liquid Concealer,30 Jun 2024,Arunee N.
ESQA Flawless Liquid Concealer,30 Jun 2024,Y***i
ESQA Flawless Liquid Concealer,29 Jun 2024,m***.
ESQA Flawless Liquid Concealer,29 Jun 2024,8***0
ESQA Flawless Liquid Concealer,28 Jun 2024,l***e
ESQA Flawless Liquid Concealer,27 Jun 2024,Dede U.
ESQA Flawless Liquid Concealer,26 Jun 2024,acikululule
ESQA Flawless Liquid Concealer,26 Jun 2024,Fina I.
ESQA Flawless Liquid Concealer,25 Jun 2024,sri H.
ESQA Flawless Liquid Concealer,25 Jun 2024,A***9
ESQA Flawless Liquid Concealer,23 Jun 2024,Nada N.
ESQA Flawless Liquid Concealer,21 Jun 2024,Y***.
ESQA Flawless Liquid Concealer,20 Jun 2024,g***a
ESQA Flawless Liquid Concealer,19 Jun 2024,tomoê Y.
ESQA Flawless Liquid Concealer,19 Jun 2024,Alda D.
ESQA Flawless Liquid Concealer,16 Jun 2024,Andyani P.
ESQA Flawless Liquid Concealer,16 Jun 2024,H***.
ESQA Flawless Liquid Concealer,15 Jun 2024,guest
ESQA Flawless Liquid Concealer,15 Jun 2024,Nurul A.
ESQA Flawless Liquid Concealer,14 Jun 2024,R***h
ESQA Flawless Liquid Concealer,14 Jun 2024,Ester S.
ESQA Flawless Liquid Concealer,13 Jun 2024,Risty
ESQA Flawless Liquid Concealer,13 Jun 2024,*********819
ESQA Flawless Liquid Concealer,13 Jun 2024,*********819
ESQA Flawless Liquid Concealer,12 Jun 2024,WiLLy
ESQA Flawless Liquid Concealer,12 Jun 2024,s***.
ESQA Flawless Liquid Concealer,12 Jun 2024,A***.
ESQA Flawless Liquid Concealer,12 Jun 2024,V***3
ESQA Flawless Liquid Concealer,12 Jun 2024,C***.
ESQA Flawless Liquid Concealer,11 Jun 2024,handi M.
ESQA Flawless Liquid Concealer,11 Jun 2024,D***.
ESQA Flawless Liquid Concealer,10 Jun 2024,Nasisca
ESQA Flawless Liquid Concealer,10 Jun 2024,s***a
ESQA Flawless Liquid Concealer,09 Jun 2024,Vr
ESQA Flawless Liquid Concealer,09 Jun 2024,K***4
ESQA Flawless Liquid Concealer,08 Jun 2024,Φοίβη Φ.
ESQA Flawless Liquid Concealer,08 Jun 2024,Naafilah G.
ESQA Flawless Liquid Concealer,08 Jun 2024,Monica P.
ESQA Flawless Liquid Concealer,08 Jun 2024,8***6
ESQA Flawless Liquid Concealer,07 Jun 2024,S***.
ESQA Flawless Liquid Concealer,07 Jun 2024,Jia H.
ESQA Flawless Liquid Concealer,07 Jun 2024,8***8
ESQA Flawless Liquid Concealer,06 Jun 2024,Shinta
ESQA Flawless Liquid Concealer,06 Jun 2024,Shinta
ESQA Flawless Liquid Concealer,06 Jun 2024,Tio
ESQA Flawless Liquid Concealer,06 Jun 2024,Tio
ESQA Flawless Liquid Concealer,06 Jun 2024,Veni S.
ESQA Flawless Liquid Concealer,06 Jun 2024,puritriwf
ESQA Flawless Liquid Concealer,06 Jun 2024,Andina F.
ESQA Flawless Liquid Concealer,05 Jun 2024,M***i
ESQA Flawless Liquid Concealer,04 Jun 2024,yuana
ESQA Flawless Liquid Concealer,02 Jun 2024,Mira W.
ESQA Flawless Liquid Concealer,02 Jun 2024,27. R.
ESQA Flawless Liquid Concealer,02 Jun 2024,Alfajari
ESQA Flawless Liquid Concealer,01 Jun 2024,Rosdiana A.
ESQA Flawless Liquid Concealer,01 Jun 2024,T***.
ESQA Flawless Liquid Concealer,31 Mei 2024,8***6
ESQA Flawless Liquid Concealer,30 Mei 2024,A***.
ESQA Flawless Liquid Concealer,30 Mei 2024,8***5
ESQA Flawless Liquid Concealer,29 Mei 2024,Agni S.
ESQA Flawless Liquid Concealer,29 Mei 2024,Choirul B.
ESQA Flawless Liquid Concealer,29 Mei 2024,Fitri P.
ESQA Flawless Liquid Concealer,29 Mei 2024,Sinta
ESQA Flawless Liquid Concealer,29 Mei 2024,8***9
ESQA Flawless Liquid Concealer,29 Mei 2024,N***l
ESQA Flawless Liquid Concealer,29 Mei 2024,L***A
ESQA Flawless Liquid Concealer,28 Mei 2024,riana D.
ESQA Flawless Liquid Concealer,28 Mei 2024,Teteh
ESQA Flawless Liquid Concealer,28 Mei 2024,Cheryl M.
ESQA Flawless Liquid Concealer,27 Mei 2024,Y***.
ESQA Flawless Liquid Concealer,26 Mei 2024,Renata K.
ESQA Flawless Liquid Concealer,25 Mei 2024,Erma P.
ESQA Flawless Liquid Concealer,25 Mei 2024,vina
ESQA Flawless Liquid Concealer,23 Mei 2024,a***.
ESQA Flawless Liquid Concealer,20 Mei 2024,margaretha
ESQA Flawless Liquid Concealer,20 Mei 2024,F***a
ESQA Flawless Liquid Concealer,19 Mei 2024,Aisyah N.
ESQA Flawless Liquid Concealer,18 Mei 2024,fransiskalissa
ESQA Flawless Liquid Concealer,17 Mei 2024,Rica R.
ESQA Flawless Liquid Concealer,16 Mei 2024,Maghfira R.
ESQA Flawless Liquid Concealer,16 Mei 2024,s***.
ESQA Flawless Liquid Concealer,15 Mei 2024,f***.
ESQA Flawless Liquid Concealer,15 Mei 2024,T***.
ESQA Flawless Liquid Concealer,14 Mei 2024,8***9
ESQA Flawless Liquid Concealer,14 Mei 2024,Ffadillaa H.
ESQA Flawless Liquid Concealer,14 Mei 2024,vinarn
ESQA Flawless Liquid Concealer,13 Mei 2024,enengroserahmawati
ESQA Flawless Liquid Concealer,12 Mei 2024,dewi K.
ESQA Flawless Liquid Concealer,12 Mei 2024,Erni Y.
ESQA Flawless Liquid Concealer,12 Mei 2024,Mel M.
ESQA Flawless Liquid Concealer,12 Mei 2024,Aprilia N.
ESQA Flawless Liquid Concealer,11 Mei 2024,Matius K.
ESQA Flawless Liquid Concealer,11 Mei 2024,F***.
ESQA Flawless Liquid Concealer,11 Mei 2024,K***.
ESQA Flawless Liquid Concealer,11 Mei 2024,8***8
ESQA Flawless Liquid Concealer,10 Mei 2024,Meika
ESQA Flawless Liquid Concealer,09 Mei 2024,Wyda I.
ESQA Flawless Liquid Concealer,09 Mei 2024,H***.
ESQA Flawless Liquid Concealer,09 Mei 2024,creamy L.
ESQA Flawless Liquid Concealer,09 Mei 2024,a***i
ESQA Flawless Liquid Concealer,08 Mei 2024,s***.
ESQA Flawless Liquid Concealer,08 Mei 2024,Rahma A.
ESQA Flawless Liquid Concealer,08 Mei 2024,gisela W.
ESQA Flawless Liquid Concealer,08 Mei 2024,h***m
ESQA Flawless Liquid Concealer,07 Mei 2024,Evi R.
ESQA Flawless Liquid Concealer,07 Mei 2024,T***a
ESQA Flawless Liquid Concealer,07 Mei 2024,*********163
ESQA Flawless Liquid Concealer,07 Mei 2024,Salsabila
ESQA Flawless Liquid Concealer,07 Mei 2024,0***0
ESQA Flawless Liquid Concealer,06 Mei 2024,I***.
ESQA Flawless Liquid Concealer,06 Mei 2024,vincen0609
ESQA Flawless Liquid Concealer,06 Mei 2024,S***r
ESQA Flawless Liquid Concealer,06 Mei 2024,azura T.
ESQA Flawless Liquid Concealer,06 Mei 2024,Cinthia F.
ESQA Flawless Liquid Concealer,05 Mei 2024,C***a
ESQA Flawless Liquid Concealer,05 Mei 2024,risky
ESQA Flawless Liquid Concealer,05 Mei 2024,8***0
ESQA Flawless Liquid Concealer,04 Mei 2024,8***3
ESQA Flawless Liquid Concealer,04 Mei 2024,zathyo
ESQA Flawless Liquid Concealer,03 Mei 2024,I***e
ESQA Flawless Liquid Concealer,03 Mei 2024,Risa R.
ESQA Flawless Liquid Concealer,03 Mei 2024,8***6
ESQA Flawless Liquid Concealer,03 Mei 2024,Putri R.
ESQA Flawless Liquid Concealer,02 Mei 2024,8***5
ESQA Flawless Liquid Concealer,01 Mei 2024,Tina
ESQA Flawless Liquid Concealer,01 Mei 2024,W***.
ESQA Flawless Liquid Concealer,01 Mei 2024,D***.
ESQA Flawless Liquid Concealer,30 Apr 2024,8***7
ESQA Flawless Liquid Concealer,30 Apr 2024,shella
ESQA Flawless Liquid Concealer,29 Apr 2024,Amelia F.
ESQA Flawless Liquid Concealer,28 Apr 2024,z***.
ESQA Flawless Liquid Concealer,28 Apr 2024,Noviie S.
ESQA Flawless Liquid Concealer,28 Apr 2024,Aina
ESQA Flawless Liquid Concealer,27 Apr 2024,Rachmatika
ESQA Flawless Liquid Concealer,26 Apr 2024,s***.
ESQA Flawless Liquid Concealer,26 Apr 2024,l***k
ESQA Flawless Liquid Concealer,26 Apr 2024,S***.
ESQA Flawless Liquid Concealer,26 Apr 2024,Fada P.
ESQA Flawless Liquid Concealer,25 Apr 2024,OCTAVIA M.
ESQA Flawless Liquid Concealer,25 Apr 2024,M***.
ESQA Flawless Liquid Concealer,25 Apr 2024,Ani O.
ESQA Flawless Liquid Concealer,24 Apr 2024,Rahma A.
ESQA Flawless Liquid Concealer,24 Apr 2024,r***.
ESQA Flawless Liquid Concealer,24 Apr 2024,wiranti P.
ESQA Flawless Liquid Concealer,23 Apr 2024,R***.
ESQA Flawless Liquid Concealer,23 Apr 2024,Amel
ESQA Flawless Liquid Concealer,23 Apr 2024,Rinawati T.
ESQA Flawless Liquid Concealer,22 Apr 2024,Nita C.
ESQA Flawless Liquid Concealer,22 Apr 2024,Rahma A.
ESQA Flawless Liquid Concealer,22 Apr 2024,Kiandra W.
ESQA Flawless Liquid Concealer,22 Apr 2024,a***.
ESQA Flawless Liquid Concealer,21 Apr 2024,amanda P.
ESQA Flawless Liquid Concealer,21 Apr 2024,mela S.
ESQA Flawless Liquid Concealer,20 Apr 2024,*********905
ESQA Flawless Liquid Concealer,20 Apr 2024,Deranurildha
ESQA Flawless Liquid Concealer,18 Apr 2024,suzan A.
ESQA Flawless Liquid Concealer,17 Apr 2024,L***.
ESQA Flawless Liquid Concealer,17 Apr 2024,A***.
ESQA Flawless Liquid Concealer,17 Apr 2024,n***a
ESQA Flawless Liquid Concealer,17 Apr 2024,8***0
ESQA Flawless Liquid Concealer,17 Apr 2024,Aina
ESQA Flawless Liquid Concealer,16 Apr 2024,rara
ESQA Flawless Liquid Concealer,15 Apr 2024,Rakhel T.
ESQA Flawless Liquid Concealer,15 Apr 2024,Meidi A.
ESQA Flawless Liquid Concealer,14 Apr 2024,riki H.
ESQA Flawless Liquid Concealer,14 Apr 2024,Tiarly
ESQA Flawless Liquid Concealer,14 Apr 2024,zenny
ESQA Flawless Liquid Concealer,13 Apr 2024,Ikhsan F.
ESQA Flawless Liquid Concealer,12 Apr 2024,Purwati
ESQA Flawless Liquid Concealer,12 Apr 2024,P***.
ESQA Flawless Liquid Concealer,12 Apr 2024,8***6
ESQA Flawless Liquid Concealer,11 Apr 2024,A***.
ESQA Flawless Liquid Concealer,11 Apr 2024,A***.
ESQA Flawless Liquid Concealer,10 Apr 2024,a***a
ESQA Flawless Liquid Concealer,10 Apr 2024,N***.
ESQA Flawless Liquid Concealer,08 Apr 2024,Agni P.
ESQA Flawless Liquid Concealer,08 Apr 2024,8***4
ESQA Flawless Liquid Concealer,08 Apr 2024,c***a
ESQA Flawless Liquid Concealer,07 Apr 2024,A***.
ESQA Flawless Liquid Concealer,07 Apr 2024,fellyca
ESQA Flawless Liquid Concealer,06 Apr 2024,Sinta N.
ESQA Flawless Liquid Concealer,06 Apr 2024,Inge S.
ESQA Flawless Liquid Concealer,06 Apr 2024,syarah
ESQA Flawless Liquid Concealer,05 Apr 2024,verasilvania
ESQA Flawless Liquid Concealer,05 Apr 2024,M***.
ESQA Flawless Liquid Concealer,05 Apr 2024,reska D.
ESQA Flawless Liquid Concealer,05 Apr 2024,Ami M.
ESQA Flawless Liquid Concealer,04 Apr 2024,Azzahra A.
ESQA Flawless Liquid Concealer,04 Apr 2024,dinda R.
ESQA Flawless Liquid Concealer,04 Apr 2024,ai K.
ESQA Flawless Liquid Concealer,04 Apr 2024,dyah A.
ESQA Flawless Liquid Concealer,04 Apr 2024,Aninda N.
ESQA Flawless Liquid Concealer,03 Apr 2024,8***9
ESQA Flawless Liquid Concealer,03 Apr 2024,A***l
ESQA Flawless Liquid Concealer,02 Apr 2024,Fitri N.
ESQA Flawless Liquid Concealer,02 Apr 2024,Leora E.
ESQA Flawless Liquid Concealer,02 Apr 2024,A***.
ESQA Flawless Liquid Concealer,02 Apr 2024,Tiara I.
ESQA Flawless Liquid Concealer,02 Apr 2024,Ula N.
ESQA Flawless Liquid Concealer,02 Apr 2024,Rahmawati
ESQA Flawless Liquid Concealer,02 Apr 2024,D***.
ESQA Flawless Liquid Concealer,02 Apr 2024,Elvina J.
ESQA Flawless Liquid Concealer,02 Apr 2024,Deva
ESQA Flawless Liquid Concealer,02 Apr 2024,8***9
ESQA Flawless Liquid Concealer,02 Apr 2024,8***0
ESQA Flawless Liquid Concealer,01 Apr 2024,Rian F.
ESQA Flawless Liquid Concealer,01 Apr 2024,Yusrina I.
ESQA Flawless Liquid Concealer,01 Apr 2024,Ai S.
ESQA Flawless Liquid Concealer,01 Apr 2024,A***.
ESQA Flawless Liquid Concealer,01 Apr 2024,K***.
ESQA Flawless Liquid Concealer,01 Apr 2024,medi A.
ESQA Flawless Liquid Concealer,01 Apr 2024,8***1
ESQA Flawless Liquid Concealer,01 Apr 2024,k***.
ESQA Flawless Liquid Concealer,31 Mar 2024,Fadillah
ESQA Flawless Liquid Concealer,30 Mar 2024,Neysa A.
ESQA Flawless Liquid Concealer,30 Mar 2024,Yunita P.
ESQA Flawless Liquid Concealer,30 Mar 2024,Andriani A.
ESQA Flawless Liquid Concealer,29 Mar 2024,guest
ESQA Flawless Liquid Concealer,29 Mar 2024,aini L.
ESQA Flawless Liquid Concealer,29 Mar 2024,T***a
ESQA Flawless Liquid Concealer,29 Mar 2024,Novi Y.
ESQA Flawless Liquid Concealer,28 Mar 2024,poly S.
ESQA Flawless Liquid Concealer,28 Mar 2024,M***.
ESQA Flawless Liquid Concealer,28 Mar 2024,s***f
ESQA Flawless Liquid Concealer,28 Mar 2024,septilebai92
ESQA Flawless Liquid Concealer,28 Mar 2024,C***.
ESQA Flawless Liquid Concealer,28 Mar 2024,Istijabah
ESQA Flawless Liquid Concealer,28 Mar 2024,8***2
ESQA Flawless Liquid Concealer,28 Mar 2024,g***.
ESQA Flawless Liquid Concealer,28 Mar 2024,A***.
ESQA Flawless Liquid Concealer,27 Mar 2024,Mes B.
ESQA Flawless Liquid Concealer,27 Mar 2024,l***a
ESQA Flawless Liquid Concealer,27 Mar 2024,Chikaa
ESQA Flawless Liquid Concealer,27 Mar 2024,Reza M.
ESQA Flawless Liquid Concealer,27 Mar 2024,elpa
ESQA Flawless Liquid Concealer,27 Mar 2024,Ageng B.
ESQA Flawless Liquid Concealer,27 Mar 2024,Amanah H.
ESQA Flawless Liquid Concealer,26 Mar 2024,****2
ESQA Flawless Liquid Concealer,26 Mar 2024,N***.
ESQA Flawless Liquid Concealer,25 Mar 2024,*********554
ESQA Flawless Liquid Concealer,25 Mar 2024,siti M.
ESQA Flawless Liquid Concealer,25 Mar 2024,Wafiq N.
ESQA Flawless Liquid Concealer,25 Mar 2024,H***.
ESQA Flawless Liquid Concealer,25 Mar 2024,Wafiq N.
ESQA Flawless Liquid Concealer,25 Mar 2024,qonita W.
ESQA Flawless Liquid Concealer,25 Mar 2024,Shalia
ESQA Flawless Liquid Concealer,25 Mar 2024,Y***.
ESQA Flawless Liquid Concealer,25 Mar 2024,Resa R.
ESQA Flawless Liquid Concealer,25 Mar 2024,vidiyariyanti
ESQA Flawless Liquid Concealer,25 Mar 2024,w***.
ESQA Flawless Liquid Concealer,25 Mar 2024,Talia
ESQA Flawless Liquid Concealer,24 Mar 2024,0***9
ESQA Flawless Liquid Concealer,24 Mar 2024,Kardina
ESQA Flawless Liquid Concealer,24 Mar 2024,Alvin A.
ESQA Flawless Liquid Concealer,23 Mar 2024,Okta
ESQA Flawless Liquid Concealer,23 Mar 2024,Dini W.
ESQA Flawless Liquid Concealer,23 Mar 2024,Ghaziya A.
ESQA Flawless Liquid Concealer,23 Mar 2024,d***.
ESQA Flawless Liquid Concealer,23 Mar 2024,**********527
ESQA Flawless Liquid Concealer,22 Mar 2024,Putri O.
ESQA Flawless Liquid Concealer,22 Mar 2024,C***.
ESQA Flawless Liquid Concealer,22 Mar 2024,AMBAR
ESQA Flawless Liquid Concealer,22 Mar 2024,8***9
ESQA Flawless Liquid Concealer,22 Mar 2024,revacahya
ESQA Flawless Liquid Concealer,21 Mar 2024,Amelia P.
ESQA Flawless Liquid Concealer,19 Mar 2024,Muthia K.
ESQA Flawless Liquid Concealer,17 Mar 2024,A***.
ESQA Flawless Liquid Concealer,17 Mar 2024,c***e
ESQA Flawless Liquid Concealer,16 Mar 2024,Siti M.
ESQA Flawless Liquid Concealer,12 Mar 2024,Safhina A.
ESQA Flawless Liquid Concealer,11 Mar 2024,sheila
ESQA Flawless Liquid Concealer,11 Mar 2024,d***i
ESQA Flawless Liquid Concealer,10 Mar 2024,Reni K.
ESQA Flawless Liquid Concealer,09 Mar 2024,8***0
ESQA Flawless Liquid Concealer,09 Mar 2024,f***a
ESQA Flawless Liquid Concealer,09 Mar 2024,Helga A.
ESQA Flawless Liquid Concealer,08 Mar 2024,S***.
ESQA Flawless Liquid Concealer,08 Mar 2024,8***6
ESQA Flawless Liquid Concealer,08 Mar 2024,V***.
ESQA Flawless Liquid Concealer,08 Mar 2024,alkha W.
ESQA Flawless Liquid Concealer,08 Mar 2024,sumiati
ESQA Flawless Liquid Concealer,07 Mar 2024,L***.
ESQA Flawless Liquid Concealer,07 Mar 2024,Ayu A.
ESQA Flawless Liquid Concealer,07 Mar 2024,D***e
ESQA Flawless Liquid Concealer,07 Mar 2024,annisajuliee
ESQA Flawless Liquid Concealer,07 Mar 2024,A***.
ESQA Flawless Liquid Concealer,07 Mar 2024,N***.
ESQA Flawless Liquid Concealer,07 Mar 2024,Eva D.
ESQA Flawless Liquid Concealer,07 Mar 2024,*********767
ESQA Flawless Liquid Concealer,07 Mar 2024,Iva A.
ESQA Flawless Liquid Concealer,06 Mar 2024,N***a
ESQA Flawless Liquid Concealer,06 Mar 2024,8***7
ESQA Flawless Liquid Concealer,06 Mar 2024,I***.
ESQA Flawless Liquid Concealer,05 Mar 2024,D***.
ESQA Flawless Liquid Concealer,05 Mar 2024,****5
ESQA Flawless Liquid Concealer,04 Mar 2024,Helllzzz
ESQA Flawless Liquid Concealer,04 Mar 2024,Rachel S.
ESQA Flawless Liquid Concealer,04 Mar 2024,Indah S.
ESQA Flawless Liquid Concealer,03 Mar 2024,Anindya W.
ESQA Flawless Liquid Concealer,03 Mar 2024,Fitriana T.
ESQA Flawless Liquid Concealer,02 Mar 2024,8***4
ESQA Flawless Liquid Concealer,29 Feb 2024,8***6
ESQA Flawless Liquid Concealer,28 Feb 2024,Cheryl M.
ESQA Flawless Liquid Concealer,28 Feb 2024,n***a
ESQA Flawless Liquid Concealer,27 Feb 2024,S***a
ESQA Flawless Liquid Concealer,26 Feb 2024,P***n
ESQA Flawless Liquid Concealer,26 Feb 2024,0***3
ESQA Flawless Liquid Concealer,24 Feb 2024,Dea
ESQA Flawless Liquid Concealer,22 Feb 2024,Yuli
ESQA Flawless Liquid Concealer,22 Feb 2024,Zaskia A.
ESQA Flawless Liquid Concealer,21 Feb 2024,Adintya N.
ESQA Flawless Liquid Concealer,20 Feb 2024,LENI Y.
ESQA Flawless Liquid Concealer,18 Feb 2024,vivien W.
ESQA Flawless Liquid Concealer,18 Feb 2024,A***.
ESQA Flawless Liquid Concealer,16 Feb 2024,Amanda S.
ESQA Flawless Liquid Concealer,15 Feb 2024,Saufika H.
ESQA Flawless Liquid Concealer,15 Feb 2024,Caca E.
ESQA Flawless Liquid Concealer,14 Feb 2024,H***h
ESQA Flawless Liquid Concealer,13 Feb 2024,C***.
ESQA Flawless Liquid Concealer,11 Feb 2024,A***.
ESQA Flawless Liquid Concealer,10 Feb 2024,Erna S.
ESQA Flawless Liquid Concealer,09 Feb 2024,Ray
ESQA Flawless Liquid Concealer,09 Feb 2024,devi Y.
ESQA Flawless Liquid Concealer,07 Feb 2024,Y***a
ESQA Flawless Liquid Concealer,07 Feb 2024,Shakilla L.
ESQA Flawless Liquid Concealer,07 Feb 2024,eveline
ESQA Flawless Liquid Concealer,06 Feb 2024,Chellsea
ESQA Flawless Liquid Concealer,05 Feb 2024,S***.
ESQA Flawless Liquid Concealer,05 Feb 2024,I***.
ESQA Flawless Liquid Concealer,05 Feb 2024,Devi S.
ESQA Flawless Liquid Concealer,04 Feb 2024,8***6
ESQA Flawless Liquid Concealer,04 Feb 2024,Claudiasatiani
ESQA Flawless Liquid Concealer,03 Feb 2024,n***.
ESQA Flawless Liquid Concealer,03 Feb 2024,D***.
ESQA Flawless Liquid Concealer,03 Feb 2024,renny E.
ESQA Flawless Liquid Concealer,03 Feb 2024,Lauren 詹.
ESQA Flawless Liquid Concealer,03 Feb 2024,S***a
ESQA Flawless Liquid Concealer,02 Feb 2024,Kristina S.
ESQA Flawless Liquid Concealer,02 Feb 2024,Rania G.
ESQA Flawless Liquid Concealer,02 Feb 2024,Poppy
ESQA Flawless Liquid Concealer,02 Feb 2024,R***.
ESQA Flawless Liquid Concealer,01 Feb 2024,Paula K.
ESQA Flawless Liquid Concealer,01 Feb 2024,s***.
ESQA Flawless Liquid Concealer,31 Jan 2024,tina A.
ESQA Flawless Liquid Concealer,31 Jan 2024,*********335
ESQA Flawless Liquid Concealer,31 Jan 2024,Nikhayatul F.
ESQA Flawless Liquid Concealer,31 Jan 2024,fadillah
ESQA Flawless Liquid Concealer,31 Jan 2024,h***.
ESQA Flawless Liquid Concealer,31 Jan 2024,Meisintya A.
ESQA Flawless Liquid Concealer,31 Jan 2024,Z***g
ESQA Flawless Liquid Concealer,31 Jan 2024,*********902
ESQA Flawless Liquid Concealer,31 Jan 2024,bilqis S.
ESQA Flawless Liquid Concealer,31 Jan 2024,Erlangga A.
ESQA Flawless Liquid Concealer,31 Jan 2024,A***.
ESQA Flawless Liquid Concealer,31 Jan 2024,L***.
ESQA Flawless Liquid Concealer,31 Jan 2024,Ester D.
ESQA Flawless Liquid Concealer,30 Jan 2024,titin T.
ESQA Flawless Liquid Concealer,30 Jan 2024,Oci
ESQA Flawless Liquid Concealer,30 Jan 2024,Natasha P.
ESQA Flawless Liquid Concealer,30 Jan 2024,Ayri
ESQA Flawless Liquid Concealer,30 Jan 2024,M***.
ESQA Flawless Liquid Concealer,30 Jan 2024,8***0
ESQA Flawless Liquid Concealer,29 Jan 2024,Acis C.
ESQA Flawless Liquid Concealer,29 Jan 2024,S***N
ESQA Flawless Liquid Concealer,29 Jan 2024,l***.
ESQA Flawless Liquid Concealer,29 Jan 2024,Rizky A.
ESQA Flawless Liquid Concealer,29 Jan 2024,n***6
ESQA Flawless Liquid Concealer,28 Jan 2024,E***.
ESQA Flawless Liquid Concealer,28 Jan 2024,mellyn
ESQA Flawless Liquid Concealer,27 Jan 2024,v***a
ESQA Flawless Liquid Concealer,27 Jan 2024,h***i
ESQA Flawless Liquid Concealer,27 Jan 2024,U***.
ESQA Flawless Liquid Concealer,26 Jan 2024,Dita I.
ESQA Flawless Liquid Concealer,26 Jan 2024,Pina 2.
ESQA Flawless Liquid Concealer,26 Jan 2024,liani
ESQA Flawless Liquid Concealer,25 Jan 2024,Yunita K.
ESQA Flawless Liquid Concealer,25 Jan 2024,Lamsihar E.
ESQA Flawless Liquid Concealer,25 Jan 2024,e***a
ESQA Flawless Liquid Concealer,24 Jan 2024,k***.
ESQA Flawless Liquid Concealer,24 Jan 2024,J***.
ESQA Flawless Liquid Concealer,24 Jan 2024,Maureen A.
ESQA Flawless Liquid Concealer,24 Jan 2024,Maureen A.
ESQA Flawless Liquid Concealer,23 Jan 2024,*********905
ESQA Flawless Liquid Concealer,23 Jan 2024,F***a
ESQA Flawless Liquid Concealer,22 Jan 2024,H***i
ESQA Flawless Liquid Concealer,20 Jan 2024,tita R.
ESQA Flawless Liquid Concealer,19 Jan 2024,dinda R.
ESQA Flawless Liquid Concealer,19 Jan 2024,Khusnulail R.
ESQA Flawless Liquid Concealer,19 Jan 2024,D***r
ESQA Flawless Liquid Concealer,17 Jan 2024,8***1
ESQA Flawless Liquid Concealer,17 Jan 2024,A***.
ESQA Flawless Liquid Concealer,17 Jan 2024,A***.
ESQA Flawless Liquid Concealer,17 Jan 2024,A***.
ESQA Flawless Liquid Concealer,17 Jan 2024,A***.
ESQA Flawless Liquid Concealer,17 Jan 2024,A***.
ESQA Flawless Liquid Concealer,14 Jan 2024,k***z
ESQA Flawless Liquid Concealer,14 Jan 2024,rula
ESQA Flawless Liquid Concealer,14 Jan 2024,Ninka M.
ESQA Flawless Liquid Concealer,12 Jan 2024,Annisa Y.
ESQA Flawless Liquid Concealer,12 Jan 2024,A***.
ESQA Flawless Liquid Concealer,12 Jan 2024,A***.
ESQA Flawless Liquid Concealer,12 Jan 2024,Kanaya N.
ESQA Flawless Liquid Concealer,12 Jan 2024,0***4
ESQA Flawless Liquid Concealer,11 Jan 2024,Siti R.
ESQA Flawless Liquid Concealer,11 Jan 2024,R***.
ESQA Flawless Liquid Concealer,10 Jan 2024,8***0
ESQA Flawless Liquid Concealer,09 Jan 2024,Vinda N.
ESQA Flawless Liquid Concealer,09 Jan 2024,A***h
ESQA Flawless Liquid Concealer,09 Jan 2024,Putri A.
ESQA Flawless Liquid Concealer,09 Jan 2024,Ayu D.
ESQA Flawless Liquid Concealer,09 Jan 2024,M***.
ESQA Flawless Liquid Concealer,08 Jan 2024,Mutiara G.
ESQA Flawless Liquid Concealer,08 Jan 2024,fitriyanti
ESQA Flawless Liquid Concealer,08 Jan 2024,Nadila U.
ESQA Flawless Liquid Concealer,08 Jan 2024,8***9
ESQA Flawless Liquid Concealer,07 Jan 2024,Amelia H.
ESQA Flawless Liquid Concealer,06 Jan 2024,N***s
ESQA Flawless Liquid Concealer,06 Jan 2024,cindai N.
ESQA Flawless Liquid Concealer,06 Jan 2024,Murbiana M.
ESQA Flawless Liquid Concealer,06 Jan 2024,Angel
ESQA Flawless Liquid Concealer,05 Jan 2024,Riska N.
ESQA Flawless Liquid Concealer,05 Jan 2024,Puput K.
ESQA Flawless Liquid Concealer,05 Jan 2024,Natsha
ESQA Flawless Liquid Concealer,04 Jan 2024,8***1
ESQA Flawless Liquid Concealer,04 Jan 2024,8***8
ESQA Flawless Liquid Concealer,04 Jan 2024,zulaikha J.
ESQA Flawless Liquid Concealer,04 Jan 2024,gifa A.
ESQA Flawless Liquid Concealer,04 Jan 2024,Carolyne A.
ESQA Flawless Liquid Concealer,03 Jan 2024,Indah S.
ESQA Flawless Liquid Concealer,03 Jan 2024,P***t
ESQA Flawless Liquid Concealer,03 Jan 2024,Indah L.
ESQA Flawless Liquid Concealer,02 Jan 2024,F***.
ESQA Flawless Liquid Concealer,02 Jan 2024,Nada Y.
ESQA Flawless Liquid Concealer,02 Jan 2024,Mira G.
ESQA Flawless Liquid Concealer,01 Jan 2024,sitiadlah
ESQA Flawless Liquid Concealer,01 Jan 2024,g***t
ESQA Flawless Liquid Concealer,01 Jan 2024,8***1
ESQA Flawless Liquid Concealer,01 Jan 2024,*********497
ESQA Flawless Liquid Mini Concealer,1 hari lalu,Nina N.
ESQA Flawless Liquid Mini Concealer,3 hari lalu,Ahda I.
ESQA Flawless Liquid Mini Concealer,5 hari lalu,Y***f
ESQA Flawless Liquid Mini Concealer,6 hari lalu,M***.
ESQA Flawless Liquid Mini Concealer,1 minggu lalu,m R.
ESQA Flawless Liquid Mini Concealer,1 minggu lalu,htbomya
ESQA Flawless Liquid Mini Concealer,1 minggu lalu,Maulida U.
ESQA Flawless Liquid Mini Concealer,2 minggu lalu,G***.
ESQA Flawless Liquid Mini Concealer,2 minggu lalu,I***h
ESQA Flawless Liquid Mini Concealer,2 minggu lalu,cappuccino L.
ESQA Flawless Liquid Mini Concealer,2 minggu lalu,Wien
ESQA Flawless Liquid Mini Concealer,2 minggu lalu,0***4
ESQA Flawless Liquid Mini Concealer,2 minggu lalu,I***.
ESQA Flawless Liquid Mini Concealer,2 minggu lalu,lalaland
ESQA Flawless Liquid Mini Concealer,2 minggu lalu,Dita S.
ESQA Flawless Liquid Mini Concealer,2 minggu lalu,8***4
ESQA Flawless Liquid Mini Concealer,3 minggu lalu,ni W.
ESQA Flawless Liquid Mini Concealer,3 minggu lalu,Mega A.
ESQA Flawless Liquid Mini Concealer,3 minggu lalu,A***.
ESQA Flawless Liquid Mini Concealer,3 minggu lalu,L***i
ESQA Flawless Liquid Mini Concealer,4 minggu lalu,s***.
ESQA Flawless Liquid Mini Concealer,4 minggu lalu,S***.
ESQA Flawless Liquid Mini Concealer,25 Okt 2024,a***a
ESQA Flawless Liquid Mini Concealer,24 Okt 2024,Najwa D.
ESQA Flawless Liquid Mini Concealer,24 Okt 2024,g***t
ESQA Flawless Liquid Mini Concealer,23 Okt 2024,Mutia Z.
ESQA Flawless Liquid Mini Concealer,23 Okt 2024,sassy G.
ESQA Flawless Liquid Mini Concealer,19 Okt 2024,chika A.
ESQA Flawless Liquid Mini Concealer,16 Okt 2024,mujurkroya20
ESQA Flawless Liquid Mini Concealer,14 Okt 2024,Rapiempie R.
ESQA Flawless Liquid Mini Concealer,14 Okt 2024,R***.
ESQA Flawless Liquid Mini Concealer,10 Okt 2024,N***.
ESQA Flawless Liquid Mini Concealer,08 Okt 2024,T***a
ESQA Flawless Liquid Mini Concealer,07 Okt 2024,Navitar. A.
ESQA Flawless Liquid Mini Concealer,06 Okt 2024,F***.
ESQA Flawless Liquid Mini Concealer,04 Okt 2024,A***.
ESQA Flawless Liquid Mini Concealer,03 Okt 2024,sita S.
ESQA Flawless Liquid Mini Concealer,02 Okt 2024,Ira K.
ESQA Flawless Liquid Mini Concealer,29 Sep 2024,Vivi A.
ESQA Flawless Liquid Mini Concealer,28 Sep 2024,WIRDI A.
ESQA Flawless Liquid Mini Concealer,22 Sep 2024,J***A
ESQA Flawless Liquid Mini Concealer,20 Sep 2024,g***l
ESQA Flawless Liquid Mini Concealer,15 Sep 2024,n***a
ESQA Flawless Liquid Mini Concealer,14 Sep 2024,Ayu T.
ESQA Flawless Liquid Mini Concealer,13 Sep 2024,0***9
ESQA Flawless Liquid Mini Concealer,12 Sep 2024,8***4
ESQA Flawless Liquid Mini Concealer,11 Sep 2024,****5
ESQA Flawless Liquid Mini Concealer,08 Sep 2024,firrdaa
ESQA Flawless Liquid Mini Concealer,08 Sep 2024,0***5
ESQA Flawless Liquid Mini Concealer,08 Sep 2024,A***.
ESQA Flawless Liquid Mini Concealer,08 Sep 2024,C***a
ESQA Flawless Liquid Mini Concealer,01 Sep 2024,wulandari
ESQA Flawless Liquid Mini Concealer,31 Agt 2024,Amelia A.
ESQA Flawless Liquid Mini Concealer,31 Agt 2024,D***h
ESQA Flawless Liquid Mini Concealer,30 Agt 2024,lintang
ESQA Flawless Liquid Mini Concealer,27 Agt 2024,A***.
ESQA Flawless Liquid Mini Concealer,27 Agt 2024,I***.
ESQA Flawless Liquid Mini Concealer,27 Agt 2024,*********385
ESQA Flawless Liquid Mini Concealer,21 Agt 2024,Nurhayati N.
ESQA Flawless Liquid Mini Concealer,20 Agt 2024,8***8
ESQA Flawless Liquid Mini Concealer,18 Agt 2024,Intan N.
ESQA Flawless Liquid Mini Concealer,18 Agt 2024,W***.
ESQA Flawless Liquid Mini Concealer,17 Agt 2024,Aurel L.
ESQA Flawless Liquid Mini Concealer,17 Agt 2024,Yeni A.
ESQA Flawless Liquid Mini Concealer,17 Agt 2024,D***.
ESQA Flawless Liquid Mini Concealer,14 Agt 2024,Z***.
ESQA Flawless Liquid Mini Concealer,11 Agt 2024,devy
ESQA Flawless Liquid Mini Concealer,11 Agt 2024,8***3
ESQA Flawless Liquid Mini Concealer,11 Agt 2024,0***4
ESQA Flawless Liquid Mini Concealer,10 Agt 2024,santi.iz
ESQA Flawless Liquid Mini Concealer,10 Agt 2024,A***a
ESQA Flawless Liquid Mini Concealer,08 Agt 2024,8***5
ESQA Flawless Liquid Mini Concealer,04 Agt 2024,8***7
ESQA Flawless Liquid Mini Concealer,04 Agt 2024,N***h
ESQA Flawless Liquid Mini Concealer,02 Agt 2024,M***i
ESQA Flawless Liquid Mini Concealer,02 Agt 2024,Y***i
ESQA Flawless Liquid Mini Concealer,31 Jul 2024,Bulan B.
ESQA Flawless Liquid Mini Concealer,30 Jul 2024,navilah
ESQA Flawless Liquid Mini Concealer,30 Jul 2024,gladies
ESQA Flawless Liquid Mini Concealer,30 Jul 2024,L***.
ESQA Flawless Liquid Mini Concealer,29 Jul 2024,Celsyah
ESQA Flawless Liquid Mini Concealer,28 Jul 2024,Nur F.
ESQA Flawless Liquid Mini Concealer,26 Jul 2024,Sariah
ESQA Flawless Liquid Mini Concealer,25 Jul 2024,*********527
ESQA Flawless Liquid Mini Concealer,25 Jul 2024,Patricia N.
ESQA Flawless Liquid Mini Concealer,25 Jul 2024,T***.
ESQA Flawless Liquid Mini Concealer,23 Jul 2024,Kesih
ESQA Flawless Liquid Mini Concealer,22 Jul 2024,ayu D.
ESQA Flawless Liquid Mini Concealer,22 Jul 2024,Dian A.
ESQA Flawless Liquid Mini Concealer,22 Jul 2024,A***.
ESQA Flawless Liquid Mini Concealer,20 Jul 2024,8***8
ESQA Flawless Liquid Mini Concealer,20 Jul 2024,Melian S.
ESQA Flawless Liquid Mini Concealer,19 Jul 2024,C***a
ESQA Flawless Liquid Mini Concealer,19 Jul 2024,guest
ESQA Flawless Liquid Mini Concealer,19 Jul 2024,guest
ESQA Flawless Liquid Mini Concealer,18 Jul 2024,nabila S.
ESQA Flawless Liquid Mini Concealer,17 Jul 2024,C***.
ESQA Flawless Liquid Mini Concealer,17 Jul 2024,N***.
ESQA Flawless Liquid Mini Concealer,17 Jul 2024,Priska A.
ESQA Flawless Liquid Mini Concealer,16 Jul 2024,V***.
ESQA Flawless Liquid Mini Concealer,15 Jul 2024,Tyas M.
ESQA Flawless Liquid Mini Concealer,14 Jul 2024,Esther
ESQA Flawless Liquid Mini Concealer,14 Jul 2024,zia S.
ESQA Flawless Liquid Mini Concealer,14 Jul 2024,sassy G.
ESQA Flawless Liquid Mini Concealer,13 Jul 2024,Stella
ESQA Flawless Liquid Mini Concealer,12 Jul 2024,m***a
ESQA Flawless Liquid Mini Concealer,12 Jul 2024,H***.
ESQA Flawless Liquid Mini Concealer,12 Jul 2024,Dhesty
ESQA Flawless Liquid Mini Concealer,11 Jul 2024,F***.
ESQA Flawless Liquid Mini Concealer,10 Jul 2024,Nisa I.
ESQA Flawless Liquid Mini Concealer,10 Jul 2024,8***4
ESQA Flawless Liquid Mini Concealer,10 Jul 2024,yasifa
ESQA Flawless Liquid Mini Concealer,10 Jul 2024,yuliana
ESQA Flawless Liquid Mini Concealer,10 Jul 2024,F***.
ESQA Flawless Liquid Mini Concealer,10 Jul 2024,8***1
ESQA Flawless Liquid Mini Concealer,10 Jul 2024,Citra A.
ESQA Flawless Liquid Mini Concealer,10 Jul 2024,Ranty S.
ESQA Flawless Liquid Mini Concealer,09 Jul 2024,eka S.
ESQA Flawless Liquid Mini Concealer,09 Jul 2024,zahira S.
ESQA Flawless Liquid Mini Concealer,09 Jul 2024,Laeli 2.
ESQA Flawless Liquid Mini Concealer,09 Jul 2024,Evasartika
ESQA Flawless Liquid Mini Concealer,07 Jul 2024,Silvia L.
ESQA Flawless Liquid Mini Concealer,06 Jul 2024,zahra A.
ESQA Flawless Liquid Mini Concealer,05 Jul 2024,rakhil K.
ESQA Flawless Liquid Mini Concealer,04 Jul 2024,guest
ESQA Flawless Liquid Mini Concealer,04 Jul 2024,d***y
ESQA Flawless Liquid Mini Concealer,03 Jul 2024,iis S.
ESQA Flawless Liquid Mini Concealer,03 Jul 2024,Adelia
ESQA Flawless Liquid Mini Concealer,03 Jul 2024,L***a
ESQA Flawless Liquid Mini Concealer,03 Jul 2024,b***.
ESQA Flawless Liquid Mini Concealer,03 Jul 2024,S***9
ESQA Flawless Liquid Mini Concealer,02 Jul 2024,D***.
ESQA Flawless Liquid Mini Concealer,02 Jul 2024,sutisna
ESQA Flawless Liquid Mini Concealer,02 Jul 2024,Ati R.
ESQA Flawless Liquid Mini Concealer,02 Jul 2024,L***a
ESQA Flawless Liquid Mini Concealer,02 Jul 2024,M***h
ESQA Flawless Liquid Mini Concealer,01 Jul 2024,R***.
ESQA Flawless Liquid Mini Concealer,01 Jul 2024,t***i
ESQA Flawless Liquid Mini Concealer,01 Jul 2024,Ina T.
ESQA Flawless Liquid Mini Concealer,30 Jun 2024,T***.
ESQA Flawless Liquid Mini Concealer,30 Jun 2024,Salwa
ESQA Flawless Liquid Mini Concealer,30 Jun 2024,nuke
ESQA Flawless Liquid Mini Concealer,29 Jun 2024,Vava M.
ESQA Flawless Liquid Mini Concealer,29 Jun 2024,Je
ESQA Flawless Liquid Mini Concealer,29 Jun 2024,Yuyun
ESQA Flawless Liquid Mini Concealer,29 Jun 2024,l***i
ESQA Flawless Liquid Mini Concealer,29 Jun 2024,Hayyuningsih M.
ESQA Flawless Liquid Mini Concealer,29 Jun 2024,*********217
ESQA Flawless Liquid Mini Concealer,29 Jun 2024,agustina
ESQA Flawless Liquid Mini Concealer,29 Jun 2024,Tata
ESQA Flawless Liquid Mini Concealer,29 Jun 2024,S***.
ESQA Flawless Liquid Mini Concealer,29 Jun 2024,D***.
ESQA Flawless Liquid Mini Concealer,29 Jun 2024,Tyas T.
ESQA Flawless Liquid Mini Concealer,28 Jun 2024,Dyta S.
ESQA Flawless Liquid Mini Concealer,28 Jun 2024,hemi A.
ESQA Flawless Liquid Mini Concealer,27 Jun 2024,*********374
ESQA Flawless Liquid Mini Concealer,27 Jun 2024,Amel
ESQA Flawless Liquid Mini Concealer,27 Jun 2024,W***y
ESQA Flawless Liquid Mini Concealer,27 Jun 2024,mariani L.
ESQA Flawless Liquid Mini Concealer,27 Jun 2024,F***i
ESQA Flawless Liquid Mini Concealer,26 Jun 2024,davit S.
ESQA Flawless Liquid Mini Concealer,26 Jun 2024,w***.
ESQA Flawless Liquid Mini Concealer,26 Jun 2024,M***.
ESQA Flawless Liquid Mini Concealer,26 Jun 2024,N E.
ESQA Flawless Liquid Mini Concealer,25 Jun 2024,Ani P.
ESQA Flawless Liquid Mini Concealer,24 Jun 2024,P***.
ESQA Flawless Liquid Mini Concealer,23 Jun 2024,8***4
ESQA Flawless Liquid Mini Concealer,22 Jun 2024,Wini N.
ESQA Flawless Liquid Mini Concealer,21 Jun 2024,c***.
ESQA Flawless Liquid Mini Concealer,21 Jun 2024,Fitriyah A.
ESQA Flawless Liquid Mini Concealer,21 Jun 2024,M***.
ESQA Flawless Liquid Mini Concealer,21 Jun 2024,A***u
ESQA Flawless Liquid Mini Concealer,20 Jun 2024,Zahra A.
ESQA Flawless Liquid Mini Concealer,20 Jun 2024,A***.
ESQA Flawless Liquid Mini Concealer,19 Jun 2024,Anis S.
ESQA Flawless Liquid Mini Concealer,19 Jun 2024,Fitri F.
ESQA Flawless Liquid Mini Concealer,19 Jun 2024,l***.
ESQA Flawless Liquid Mini Concealer,18 Jun 2024,Cantika A.
ESQA Flawless Liquid Mini Concealer,15 Jun 2024,Arrum
ESQA Flawless Liquid Mini Concealer,15 Jun 2024,S***.
ESQA Flawless Liquid Mini Concealer,13 Jun 2024,Fara
ESQA Flawless Liquid Mini Concealer,13 Jun 2024,iin
ESQA Flawless Liquid Mini Concealer,13 Jun 2024,Hidayanti
ESQA Flawless Liquid Mini Concealer,13 Jun 2024,D***.
ESQA Flawless Liquid Mini Concealer,12 Jun 2024,Vina S.
ESQA Flawless Liquid Mini Concealer,12 Jun 2024,septiyaningsih
ESQA Flawless Liquid Mini Concealer,12 Jun 2024,andy
ESQA Flawless Liquid Mini Concealer,12 Jun 2024,lianty A.
ESQA Flawless Liquid Mini Concealer,12 Jun 2024,Meiga
ESQA Flawless Liquid Mini Concealer,12 Jun 2024,Putri A.
ESQA Flawless Liquid Mini Concealer,12 Jun 2024,Putri A.
ESQA Flawless Liquid Mini Concealer,12 Jun 2024,muji Y.
ESQA Flawless Liquid Mini Concealer,11 Jun 2024,U***i
ESQA Flawless Liquid Mini Concealer,11 Jun 2024,****6
ESQA Flawless Liquid Mini Concealer,11 Jun 2024,hanafifa
ESQA Flawless Liquid Mini Concealer,10 Jun 2024,vischa A.
ESQA Flawless Liquid Mini Concealer,10 Jun 2024,Vildaas
ESQA Flawless Liquid Mini Concealer,10 Jun 2024,Elle R.
ESQA Flawless Liquid Mini Concealer,10 Jun 2024,Indah L.
ESQA Flawless Liquid Mini Concealer,10 Jun 2024,8***0
ESQA Flawless Liquid Mini Concealer,09 Jun 2024,henythea7173
ESQA Flawless Liquid Mini Concealer,09 Jun 2024,dewi S.
ESQA Flawless Liquid Mini Concealer,09 Jun 2024,Fitri A.
ESQA Flawless Liquid Mini Concealer,09 Jun 2024,K***.
ESQA Flawless Liquid Mini Concealer,09 Jun 2024,ssania
ESQA Flawless Liquid Mini Concealer,08 Jun 2024,8***5
ESQA Flawless Liquid Mini Concealer,08 Jun 2024,Natasya Z.
ESQA Flawless Liquid Mini Concealer,07 Jun 2024,Maulidia A.
ESQA Flawless Liquid Mini Concealer,06 Jun 2024,Shinta
ESQA Flawless Liquid Mini Concealer,06 Jun 2024,Shinta
ESQA Flawless Liquid Mini Concealer,06 Jun 2024,Shinta
ESQA Flawless Liquid Mini Concealer,06 Jun 2024,Tio
ESQA Flawless Liquid Mini Concealer,06 Jun 2024,Tio
ESQA Flawless Liquid Mini Concealer,06 Jun 2024,Tio
ESQA Flawless Liquid Mini Concealer,06 Jun 2024,D***.
ESQA Flawless Liquid Mini Concealer,04 Jun 2024,D***.
ESQA Flawless Liquid Mini Concealer,04 Jun 2024,0***6
ESQA Flawless Liquid Mini Concealer,04 Jun 2024,casmita E.
ESQA Flawless Liquid Mini Concealer,03 Jun 2024,A***.
ESQA Flawless Liquid Mini Concealer,03 Jun 2024,R***h
ESQA Flawless Liquid Mini Concealer,02 Jun 2024,8***1
ESQA Flawless Liquid Mini Concealer,02 Jun 2024,wiuwiu
ESQA Flawless Liquid Mini Concealer,02 Jun 2024,Tantri
ESQA Flawless Liquid Mini Concealer,31 Mei 2024,8***6
ESQA Flawless Liquid Mini Concealer,31 Mei 2024,munawati T.
ESQA Flawless Liquid Mini Concealer,30 Mei 2024,Widya W.
ESQA Flawless Liquid Mini Concealer,29 Mei 2024,N***a
ESQA Flawless Liquid Mini Concealer,29 Mei 2024,Wahyu
ESQA Flawless Liquid Mini Concealer,29 Mei 2024,8***7
ESQA Flawless Liquid Mini Concealer,29 Mei 2024,8***5
ESQA Flawless Liquid Mini Concealer,29 Mei 2024,8***5
ESQA Flawless Liquid Mini Concealer,29 Mei 2024,I***.
ESQA Flawless Liquid Mini Concealer,29 Mei 2024,a***.
ESQA Flawless Liquid Mini Concealer,28 Mei 2024,K***a
ESQA Flawless Liquid Mini Concealer,28 Mei 2024,guest
ESQA Flawless Liquid Mini Concealer,28 Mei 2024,Tiara M.
ESQA Flawless Liquid Mini Concealer,27 Mei 2024,m***.
ESQA Flawless Liquid Mini Concealer,27 Mei 2024,April L.
ESQA Flawless Liquid Mini Concealer,27 Mei 2024,P***.
ESQA Flawless Liquid Mini Concealer,25 Mei 2024,S***d
ESQA Flawless Liquid Mini Concealer,25 Mei 2024,Jusmaidar J.
ESQA Flawless Liquid Mini Concealer,24 Mei 2024,M***a
ESQA Flawless Liquid Mini Concealer,23 Mei 2024,TS
ESQA Flawless Liquid Mini Concealer,22 Mei 2024,Tayo 0.
ESQA Flawless Liquid Mini Concealer,22 Mei 2024,Amisiti
ESQA Flawless Liquid Mini Concealer,20 Mei 2024,T***a
ESQA Flawless Liquid Mini Concealer,19 Mei 2024,Ai S.
ESQA Flawless Liquid Mini Concealer,19 Mei 2024,8***2
ESQA Flawless Liquid Mini Concealer,16 Mei 2024,Saphira
ESQA Flawless Liquid Mini Concealer,16 Mei 2024,Anggi P.
ESQA Flawless Liquid Mini Concealer,15 Mei 2024,gevina R.
ESQA Flawless Liquid Mini Concealer,15 Mei 2024,Atin A.
ESQA Flawless Liquid Mini Concealer,14 Mei 2024,8***9
ESQA Flawless Liquid Mini Concealer,14 Mei 2024,widyasafitri
ESQA Flawless Liquid Mini Concealer,13 Mei 2024,sassy G.
ESQA Flawless Liquid Mini Concealer,13 Mei 2024,*********427
ESQA Flawless Liquid Mini Concealer,12 Mei 2024,resty
ESQA Flawless Liquid Mini Concealer,12 Mei 2024,8***4
ESQA Flawless Liquid Mini Concealer,12 Mei 2024,miaww
ESQA Flawless Liquid Mini Concealer,11 Mei 2024,8***5
ESQA Flawless Liquid Mini Concealer,10 Mei 2024,nathasya
ESQA Flawless Liquid Mini Concealer,10 Mei 2024,A***.
ESQA Flawless Liquid Mini Concealer,10 Mei 2024,8***3
ESQA Flawless Liquid Mini Concealer,10 Mei 2024,Tyas
ESQA Flawless Liquid Mini Concealer,10 Mei 2024,Ema P.
ESQA Flawless Liquid Mini Concealer,09 Mei 2024,n***.
ESQA Flawless Liquid Mini Concealer,08 Mei 2024,Bil S.
ESQA Flawless Liquid Mini Concealer,08 Mei 2024,Nita
ESQA Flawless Liquid Mini Concealer,08 Mei 2024,0***6
ESQA Flawless Liquid Mini Concealer,08 Mei 2024,syafana
ESQA Flawless Liquid Mini Concealer,07 Mei 2024,natalina
ESQA Flawless Liquid Mini Concealer,07 Mei 2024,U***.
ESQA Flawless Liquid Mini Concealer,07 Mei 2024,Jejelia N.
ESQA Flawless Liquid Mini Concealer,07 Mei 2024,Janice
ESQA Flawless Liquid Mini Concealer,07 Mei 2024,Alvina
ESQA Flawless Liquid Mini Concealer,06 Mei 2024,V***.
ESQA Flawless Liquid Mini Concealer,05 Mei 2024,8***1
ESQA Flawless Liquid Mini Concealer,05 Mei 2024,0***9
ESQA Flawless Liquid Mini Concealer,04 Mei 2024,D***.
ESQA Flawless Liquid Mini Concealer,04 Mei 2024,N***.
ESQA Flawless Liquid Mini Concealer,03 Mei 2024,Φοίβη Φ.
ESQA Flawless Liquid Mini Concealer,03 Mei 2024,dhiya S.
ESQA Flawless Liquid Mini Concealer,03 Mei 2024,ledi N.
ESQA Flawless Liquid Mini Concealer,03 Mei 2024,Fanny
ESQA Flawless Liquid Mini Concealer,02 Mei 2024,M***.
ESQA Flawless Liquid Mini Concealer,02 Mei 2024,imel P.
ESQA Flawless Liquid Mini Concealer,30 Apr 2024,Wilda S.
ESQA Flawless Liquid Mini Concealer,29 Apr 2024,Verheina J.
ESQA Flawless Liquid Mini Concealer,28 Apr 2024,f***k
ESQA Flawless Liquid Mini Concealer,28 Apr 2024,Silvya R.
ESQA Flawless Liquid Mini Concealer,27 Apr 2024,N***.
ESQA Flawless Liquid Mini Concealer,27 Apr 2024,wahyu M.
ESQA Flawless Liquid Mini Concealer,26 Apr 2024,Fidie A.
ESQA Flawless Liquid Mini Concealer,25 Apr 2024,A***.
ESQA Flawless Liquid Mini Concealer,25 Apr 2024,Nur I.
ESQA Flawless Liquid Mini Concealer,25 Apr 2024,*********092
ESQA Flawless Liquid Mini Concealer,25 Apr 2024,*********500
ESQA Flawless Liquid Mini Concealer,24 Apr 2024,Userr16
ESQA Flawless Liquid Mini Concealer,24 Apr 2024,T***.
ESQA Flawless Liquid Mini Concealer,23 Apr 2024,bila
ESQA Flawless Liquid Mini Concealer,18 Apr 2024,Dita A.
ESQA Flawless Liquid Mini Concealer,17 Apr 2024,Alayya
ESQA Flawless Liquid Mini Concealer,16 Apr 2024,n***.
ESQA Flawless Liquid Mini Concealer,16 Apr 2024,G***.
ESQA Flawless Liquid Mini Concealer,16 Apr 2024,Fitri Y.
ESQA Flawless Liquid Mini Concealer,15 Apr 2024,N***.
ESQA Flawless Liquid Mini Concealer,15 Apr 2024,Riri R.
ESQA Flawless Liquid Mini Concealer,15 Apr 2024,Cindi
ESQA Flawless Liquid Mini Concealer,15 Apr 2024,Chia
ESQA Flawless Liquid Mini Concealer,15 Apr 2024,Nurul
ESQA Flawless Liquid Mini Concealer,14 Apr 2024,Feny P.
ESQA Flawless Liquid Mini Concealer,14 Apr 2024,Kay
ESQA Flawless Liquid Mini Concealer,14 Apr 2024,Kamila M.
ESQA Flawless Liquid Mini Concealer,13 Apr 2024,Chansaa N.
ESQA Flawless Liquid Mini Concealer,13 Apr 2024,M***.
ESQA Flawless Liquid Mini Concealer,10 Apr 2024,Unggul L.
ESQA Flawless Liquid Mini Concealer,09 Apr 2024,Salsa P.
ESQA Flawless Liquid Mini Concealer,09 Apr 2024,Syeni
ESQA Flawless Liquid Mini Concealer,08 Apr 2024,Dani D.
ESQA Flawless Liquid Mini Concealer,08 Apr 2024,riska
ESQA Flawless Liquid Mini Concealer,08 Apr 2024,d***h
ESQA Flawless Liquid Mini Concealer,08 Apr 2024,anita M.
ESQA Flawless Liquid Mini Concealer,08 Apr 2024,Lanny A.
ESQA Flawless Liquid Mini Concealer,08 Apr 2024,Nuricha S.
ESQA Flawless Liquid Mini Concealer,08 Apr 2024,q***.
ESQA Flawless Liquid Mini Concealer,07 Apr 2024,Fira B.
ESQA Flawless Liquid Mini Concealer,06 Apr 2024,****8
ESQA Flawless Liquid Mini Concealer,06 Apr 2024,Shanty S.
ESQA Flawless Liquid Mini Concealer,06 Apr 2024,Fifin N.
ESQA Flawless Liquid Mini Concealer,06 Apr 2024,P***i
ESQA Flawless Liquid Mini Concealer,06 Apr 2024,Yunia S.
ESQA Flawless Liquid Mini Concealer,05 Apr 2024,Anggi P.
ESQA Flawless Liquid Mini Concealer,05 Apr 2024,Ulanya858
ESQA Flawless Liquid Mini Concealer,04 Apr 2024,orchidia
ESQA Flawless Liquid Mini Concealer,04 Apr 2024,Widya
ESQA Flawless Liquid Mini Concealer,04 Apr 2024,deni T.
ESQA Flawless Liquid Mini Concealer,02 Apr 2024,H***.
ESQA Flawless Liquid Mini Concealer,02 Apr 2024,nurlela H.
ESQA Flawless Liquid Mini Concealer,01 Apr 2024,N***a
ESQA Flawless Liquid Mini Concealer,01 Apr 2024,j***.
ESQA Flawless Liquid Mini Concealer,31 Mar 2024,Dessy M.
ESQA Flawless Liquid Mini Concealer,31 Mar 2024,R***n
ESQA Flawless Liquid Mini Concealer,30 Mar 2024,8***1
ESQA Flawless Liquid Mini Concealer,30 Mar 2024,0***6
ESQA Flawless Liquid Mini Concealer,30 Mar 2024,Dhea
ESQA Flawless Liquid Mini Concealer,30 Mar 2024,A***.
ESQA Flawless Liquid Mini Concealer,29 Mar 2024,N***.
ESQA Flawless Liquid Mini Concealer,29 Mar 2024,I***.
ESQA Flawless Liquid Mini Concealer,29 Mar 2024,e***.
ESQA Flawless Liquid Mini Concealer,28 Mar 2024,Miia D.
ESQA Flawless Liquid Mini Concealer,28 Mar 2024,Anjuagisna
ESQA Flawless Liquid Mini Concealer,28 Mar 2024,Edi S.
ESQA Flawless Liquid Mini Concealer,28 Mar 2024,Edi S.
ESQA Flawless Liquid Mini Concealer,27 Mar 2024,S***.
ESQA Flawless Liquid Mini Concealer,27 Mar 2024,Ketrina K.
ESQA Flawless Liquid Mini Concealer,27 Mar 2024,irmala S.
ESQA Flawless Liquid Mini Concealer,27 Mar 2024,Desy S.
ESQA Flawless Liquid Mini Concealer,26 Mar 2024,R***l
ESQA Flawless Liquid Mini Concealer,26 Mar 2024,Ahmad Z.
ESQA Flawless Liquid Mini Concealer,25 Mar 2024,Siti A.
ESQA Flawless Liquid Mini Concealer,24 Mar 2024,guest
ESQA Flawless Liquid Mini Concealer,24 Mar 2024,N***.
ESQA Flawless Liquid Mini Concealer,24 Mar 2024,Nafisah
ESQA Flawless Liquid Mini Concealer,23 Mar 2024,Rinrin R.
ESQA Flawless Liquid Mini Concealer,23 Mar 2024,0***9
ESQA Flawless Liquid Mini Concealer,22 Mar 2024,F***.
ESQA Flawless Liquid Mini Concealer,21 Mar 2024,****8
ESQA Flawless Liquid Mini Concealer,21 Mar 2024,YESA E.
ESQA Flawless Liquid Mini Concealer,21 Mar 2024,CatLover
ESQA Flawless Liquid Mini Concealer,20 Mar 2024,Rahmaniyah S.
ESQA Flawless Liquid Mini Concealer,19 Mar 2024,yenti S.
ESQA Flawless Liquid Mini Concealer,19 Mar 2024,A***l
ESQA Flawless Liquid Mini Concealer,19 Mar 2024,W***.
ESQA Flawless Liquid Mini Concealer,17 Mar 2024,Nadya F.
ESQA Flawless Liquid Mini Concealer,16 Mar 2024,Ulfa
ESQA Flawless Liquid Mini Concealer,15 Mar 2024,K***.
ESQA Flawless Liquid Mini Concealer,14 Mar 2024,T***a
ESQA Flawless Liquid Mini Concealer,13 Mar 2024,Rizka K.
ESQA Flawless Liquid Mini Concealer,13 Mar 2024,s***.
ESQA Flawless Liquid Mini Concealer,12 Mar 2024,*********503
ESQA Flawless Liquid Mini Concealer,10 Mar 2024,3***.
ESQA Flawless Liquid Mini Concealer,10 Mar 2024,Rissa
ESQA Flawless Liquid Mini Concealer,08 Mar 2024,****0
ESQA Flawless Liquid Mini Concealer,08 Mar 2024,T***.
ESQA Flawless Liquid Mini Concealer,07 Mar 2024,8***8
ESQA Flawless Liquid Mini Concealer,07 Mar 2024,*********160
ESQA Flawless Liquid Mini Concealer,06 Mar 2024,I***i
ESQA Flawless Liquid Mini Concealer,05 Mar 2024,R***n
ESQA Flawless Liquid Mini Concealer,05 Mar 2024,8***0
ESQA Flawless Liquid Mini Concealer,05 Mar 2024,S***.
ESQA Flawless Liquid Mini Concealer,05 Mar 2024,Siti H.
ESQA Flawless Liquid Mini Concealer,02 Mar 2024,a***n
ESQA Flawless Liquid Mini Concealer,02 Mar 2024,Vivi P.
ESQA Flawless Liquid Mini Concealer,29 Feb 2024,Uni
ESQA Flawless Liquid Mini Concealer,29 Feb 2024,Nabilla A.
ESQA Flawless Liquid Mini Concealer,29 Feb 2024,Restynz
ESQA Flawless Liquid Mini Concealer,29 Feb 2024,halimatussadiyah
ESQA Flawless Liquid Mini Concealer,25 Feb 2024,r***a
ESQA Flawless Liquid Mini Concealer,24 Feb 2024,indriyani
ESQA Flawless Liquid Mini Concealer,24 Feb 2024,S***.
ESQA Flawless Liquid Mini Concealer,24 Feb 2024,velly A.
ESQA Flawless Liquid Mini Concealer,22 Feb 2024,M***.
ESQA Flawless Liquid Mini Concealer,22 Feb 2024,Tigor B.
ESQA Flawless Liquid Mini Concealer,19 Feb 2024,Abtia P.
ESQA Flawless Liquid Mini Concealer,16 Feb 2024,8***6
ESQA Flawless Liquid Mini Concealer,16 Feb 2024,V***.
ESQA Flawless Liquid Mini Concealer,15 Feb 2024,murniyawati
ESQA Flawless Liquid Mini Concealer,15 Feb 2024,ericka K.
ESQA Flawless Liquid Mini Concealer,12 Feb 2024,Citra N.
ESQA Flawless Liquid Mini Concealer,12 Feb 2024,A***n
ESQA Flawless Liquid Mini Concealer,12 Feb 2024,Risk R.
ESQA Flawless Liquid Mini Concealer,11 Feb 2024,D***.
ESQA Flawless Liquid Mini Concealer,11 Feb 2024,8***9
ESQA Flawless Liquid Mini Concealer,10 Feb 2024,N***i
ESQA Flawless Liquid Mini Concealer,10 Feb 2024,I***.
ESQA Flawless Liquid Mini Concealer,09 Feb 2024,Riyanti N.
ESQA Flawless Liquid Mini Concealer,07 Feb 2024,Key
ESQA Flawless Liquid Mini Concealer,06 Feb 2024,Alvina
ESQA Flawless Liquid Mini Concealer,05 Feb 2024,g***t
ESQA Flawless Liquid Mini Concealer,03 Feb 2024,Ayu D.
ESQA Flawless Liquid Mini Concealer,02 Feb 2024,S***.
ESQA Flawless Liquid Mini Concealer,02 Feb 2024,Nasya H.
ESQA Flawless Liquid Mini Concealer,02 Feb 2024,sandi
ESQA Flawless Liquid Mini Concealer,02 Feb 2024,Imraningsih
ESQA Flawless Liquid Mini Concealer,02 Feb 2024,E***.
ESQA Flawless Liquid Mini Concealer,02 Feb 2024,L***.
ESQA Flawless Liquid Mini Concealer,02 Feb 2024,Rahma Z.
ESQA Flawless Liquid Mini Concealer,01 Feb 2024,L***.
ESQA Flawless Liquid Mini Concealer,01 Feb 2024,fifi Y.
ESQA Flawless Liquid Mini Concealer,01 Feb 2024,g***t
ESQA Flawless Liquid Mini Concealer,01 Feb 2024,Novalia H.
ESQA Flawless Liquid Mini Concealer,31 Jan 2024,A***.
ESQA Flawless Liquid Mini Concealer,31 Jan 2024,Lavenia D.
ESQA Flawless Liquid Mini Concealer,30 Jan 2024,sassy G.
ESQA Flawless Liquid Mini Concealer,30 Jan 2024,tiadwi92
ESQA Flawless Liquid Mini Concealer,30 Jan 2024,Third-Party-User
ESQA Flawless Liquid Mini Concealer,30 Jan 2024,dania R.
ESQA Flawless Liquid Mini Concealer,29 Jan 2024,Zahratin N.
ESQA Flawless Liquid Mini Concealer,29 Jan 2024,A***.
ESQA Flawless Liquid Mini Concealer,29 Jan 2024,Aulia Y.
ESQA Flawless Liquid Mini Concealer,29 Jan 2024,yuyun R.
ESQA Flawless Liquid Mini Concealer,29 Jan 2024,Katri P.
ESQA Flawless Liquid Mini Concealer,28 Jan 2024,N***.
ESQA Flawless Liquid Mini Concealer,27 Jan 2024,annisa
ESQA Flawless Liquid Mini Concealer,24 Jan 2024,guest
ESQA Flawless Liquid Mini Concealer,22 Jan 2024,Rusdiana
ESQA Flawless Liquid Mini Concealer,22 Jan 2024,E***y
ESQA Flawless Liquid Mini Concealer,22 Jan 2024,fendy Y.
ESQA Flawless Liquid Mini Concealer,16 Jan 2024,Titi W.
ESQA Flawless Liquid Mini Concealer,15 Jan 2024,guest
ESQA Flawless Liquid Mini Concealer,13 Jan 2024,8***5
ESQA Flawless Liquid Mini Concealer,13 Jan 2024,della H.
ESQA Flawless Liquid Mini Concealer,13 Jan 2024,syifa M.
ESQA Flawless Liquid Mini Concealer,12 Jan 2024,Nayanika Z.
ESQA Flawless Liquid Mini Concealer,11 Jan 2024,Ziaa
ESQA Flawless Liquid Mini Concealer,11 Jan 2024,*********489
ESQA Flawless Liquid Mini Concealer,10 Jan 2024,A***y
ESQA Flawless Liquid Mini Concealer,07 Jan 2024,R***.
ESQA Flawless Liquid Mini Concealer,07 Jan 2024,Anny G.
ESQA Flawless Liquid Mini Concealer,06 Jan 2024,A***.
ESQA Flawless Liquid Mini Concealer,06 Jan 2024,A***.
ESQA Flawless Liquid Mini Concealer,06 Jan 2024,O***a
ESQA Flawless Liquid Mini Concealer,06 Jan 2024,Dinda O.
ESQA Flawless Liquid Mini Concealer,05 Jan 2024,0***9
ESQA Flawless Liquid Mini Concealer,05 Jan 2024,R***.
ESQA Flawless Liquid Mini Concealer,04 Jan 2024,Elsa D.
ESQA Flawless Liquid Mini Concealer,03 Jan 2024,Saidah A.
ESQA Flawless Liquid Mini Concealer,03 Jan 2024,V***.
ESQA Flawless Liquid Mini Concealer,03 Jan 2024,Inaya Y.
ESQA Flawless Liquid Mini Concealer,03 Jan 2024,Sri M.
ESQA Flawless Liquid Mini Concealer,03 Jan 2024,8***4
ESQA Flawless Liquid Mini Concealer,01 Jan 2024,N***.
ESQA Flawless Liquid Mini Concealer,01 Jan 2024,Tyas P.
[New] ESQA Flawless Cushion Serum SPF 50+ PA+++ - Satin,8 jam lalu,Haafidohrae
[New] ESQA Flawless Cushion Serum SPF 50+ PA+++ - Satin,6 hari lalu,N***.
[New] ESQA Flawless Cushion Serum SPF 50+ PA+++ - Satin,6 hari lalu,Hardina T.
[New] ESQA Flawless Cushion Serum SPF 50+ PA+++ - Satin,1 minggu lalu,E***.
[New] ESQA Flawless Cushion Serum SPF 50+ PA+++ - Satin,1 minggu lalu,yusup O.
[New] ESQA Flawless Cushion Serum SPF 50+ PA+++ - Satin,1 minggu lalu,****4
[New] ESQA Flawless Cushion Serum SPF 50+ PA+++ - Satin,1 minggu lalu,M***a
[New] ESQA Flawless Cushion Serum SPF 50+ PA+++ - Satin,1 minggu lalu,U***.
[New] ESQA Flawless Cushion Serum SPF 50+ PA+++ - Satin,2 minggu lalu,*********626
[New] ESQA Flawless Cushion Serum SPF 50+ PA+++ - Satin,2 minggu lalu,yusup O.
[New] ESQA Flawless Cushion Serum SPF 50+ PA+++ - Satin,2 minggu lalu,yusup O.
[New] ESQA Flawless Cushion Serum SPF 50+ PA+++ - Satin,2 minggu lalu,anak O.
[New] ESQA Flawless Cushion Serum SPF 50+ PA+++ - Satin,2 minggu lalu,A***.
[New] ESQA Flawless Cushion Serum SPF 50+ PA+++ - Satin,2 minggu lalu,Harti N.
[New] ESQA Flawless Cushion Serum SPF 50+ PA+++ - Satin,2 minggu lalu,8***9
[New] ESQA Flawless Cushion Serum SPF 50+ PA+++ - Satin,2 minggu lalu,8***2
[New] ESQA Flawless Cushion Serum SPF 50+ PA+++ - Satin,2 minggu lalu,yennie
[New] ESQA Flawless Cushion Serum SPF 50+ PA+++ - Satin,2 minggu lalu,Desvia D.
[New] ESQA Flawless Cushion Serum SPF 50+ PA+++ - Satin,2 minggu lalu,yusup O.
[New] ESQA Flawless Cushion Serum SPF 50+ PA+++ - Satin,2 minggu lalu,Valestino Y.
[New] ESQA Flawless Cushion Serum SPF 50+ PA+++ - Satin,2 minggu lalu,****4
[New] ESQA Flawless Cushion Serum SPF 50+ PA+++ - Satin,2 minggu lalu,8***7
[New] ESQA Flawless Cushion Serum SPF 50+ PA+++ - Satin,2 minggu lalu,okah 7.
[New] ESQA Flawless Cushion Serum SPF 50+ PA+++ - Satin,3 minggu lalu,merlin S.
[New] ESQA Flawless Cushion Serum SPF 50+ PA+++ - Satin,3 minggu lalu,F***.
[New] ESQA Flawless Cushion Serum SPF 50+ PA+++ - Satin,3 minggu lalu,Yuniarti
[New] ESQA Flawless Cushion Serum SPF 50+ PA+++ - Satin,3 minggu lalu,Sarah
[New] ESQA Flawless Cushion Serum SPF 50+ PA+++ - Satin,3 minggu lalu,Niken M.
[New] ESQA Flawless Cushion Serum SPF 50+ PA+++ - Satin,4 minggu lalu,K***.
[New] ESQA Flawless Cushion Serum SPF 50+ PA+++ - Satin,4 minggu lalu,Izza M.
[New] ESQA Flawless Cushion Serum SPF 50+ PA+++ - Satin,4 minggu lalu,ceciliafara
[New] ESQA Flawless Cushion Serum SPF 50+ PA+++ - Satin,18 Okt 2024,Desi Z.
[New] ESQA Flawless Cushion Serum SPF 50+ PA+++ - Satin,30 Sep 2024,D***.
[New] ESQA Flawless Cushion Serum SPF 50+ PA+++ - Satin,25 Sep 2024,ayulestari
[New] ESQA Flawless Cushion Serum SPF 50+ PA+++ - Satin,24 Sep 2024,Diah D.
[New] ESQA Flawless Cushion Serum SPF 50+ PA+++ - Satin,24 Sep 2024,Bayu N.
[New] ESQA Flawless Cushion Serum SPF 50+ PA+++ - Satin,12 Sep 2024,Haura M.
[New] ESQA Flawless Cushion Serum SPF 50+ PA+++ - Satin,06 Sep 2024,desi
[New] ESQA Flawless Cushion Serum SPF 50+ PA+++ - Satin,06 Sep 2024,Chantika A.
[New] ESQA Flawless Cushion Serum SPF 50+ PA+++ - Satin,04 Sep 2024,Nikma W.
[New] ESQA Flawless Cushion Serum SPF 50+ PA+++ - Satin,02 Sep 2024,0***4
[New] ESQA Flawless Cushion Serum SPF 50+ PA+++ - Satin,21 Agt 2024,LYLIN G.
[New] ESQA Flawless Cushion Serum SPF 50+ PA+++ - Satin,17 Agt 2024,MUH R.
[New] ESQA Flawless Cushion Serum SPF 50+ PA+++ - Satin,16 Agt 2024,Aftikan D.
[New] ESQA Flawless Cushion Serum SPF 50+ PA+++ - Satin,16 Agt 2024,Daffasyahputra
[New] ESQA Flawless Cushion Serum SPF 50+ PA+++ - Satin,13 Agt 2024,Dhiaz A.
[New] ESQA Flawless Cushion Serum SPF 50+ PA+++ - Satin,08 Agt 2024,Amadea E.
[New] ESQA Flawless Cushion Serum SPF 50+ PA+++ - Satin,04 Agt 2024,Ai H.
[New] ESQA Flawless Cushion Serum SPF 50+ PA+++ - Satin,03 Agt 2024,8***5
[New] ESQA Flawless Cushion Serum SPF 50+ PA+++ - Satin,03 Agt 2024,Mitha
[New] ESQA Flawless Cushion Serum SPF 50+ PA+++ - Satin,03 Agt 2024,Afelia V.
[New] ESQA Flawless Cushion Serum SPF 50+ PA+++ - Satin,01 Agt 2024,TRI F.
[New] ESQA Flawless Cushion Serum SPF 50+ PA+++ - Satin,30 Jul 2024,N***.
[New] ESQA Flawless Cushion Serum SPF 50+ PA+++ - Satin,29 Jul 2024,Santi M.
[New] ESQA Flawless Cushion Serum SPF 50+ PA+++ - Satin,26 Jul 2024,Maya K.
[New] ESQA Flawless Cushion Serum SPF 50+ PA+++ - Satin,26 Jul 2024,saromah
[New] ESQA Flawless Cushion Serum SPF 50+ PA+++ - Satin,26 Jul 2024,dwicahyawati
[New] ESQA Flawless Cushion Serum SPF 50+ PA+++ - Satin,23 Jul 2024,0***5
[New] ESQA Flawless Cushion Serum SPF 50+ PA+++ - Satin,22 Jul 2024,Savitri S.
[New] ESQA Flawless Cushion Serum SPF 50+ PA+++ - Satin,22 Jul 2024,Febri Y.
[New] ESQA Flawless Cushion Serum SPF 50+ PA+++ - Satin,21 Jul 2024,eva M.
[New] ESQA Flawless Cushion Serum SPF 50+ PA+++ - Satin,21 Jul 2024,s***n
[New] ESQA Flawless Cushion Serum SPF 50+ PA+++ - Satin,18 Jul 2024,Eri E.
[New] ESQA Flawless Cushion Serum SPF 50+ PA+++ - Satin,18 Jul 2024,Z***e
[New] ESQA Flawless Cushion Serum SPF 50+ PA+++ - Satin,17 Jul 2024,Syahwa A.
[New] ESQA Flawless Cushion Serum SPF 50+ PA+++ - Satin,16 Jul 2024,daryy
[New] ESQA Flawless Cushion Serum SPF 50+ PA+++ - Satin,13 Jul 2024,8***9
[New] ESQA Flawless Cushion Serum SPF 50+ PA+++ - Satin,12 Jul 2024,M***.
[New] ESQA Flawless Cushion Serum SPF 50+ PA+++ - Satin,12 Jul 2024,A***.
[New] ESQA Flawless Cushion Serum SPF 50+ PA+++ - Satin,12 Jul 2024,Bagol F.
[New] ESQA Flawless Cushion Serum SPF 50+ PA+++ - Satin,11 Jul 2024,e***.
[New] ESQA Flawless Cushion Serum SPF 50+ PA+++ - Satin,09 Jul 2024,L***.
[New] ESQA Flawless Cushion Serum SPF 50+ PA+++ - Satin,09 Jul 2024,Marlina A.
[New] ESQA Flawless Cushion Serum SPF 50+ PA+++ - Satin,08 Jul 2024,Ovi H.
[New] ESQA Flawless Cushion Serum SPF 50+ PA+++ - Satin,04 Jul 2024,8***5
[New] ESQA Flawless Cushion Serum SPF 50+ PA+++ - Satin,03 Jul 2024,Putri E.
[New] ESQA Flawless Cushion Serum SPF 50+ PA+++ - Satin,02 Jul 2024,Yovita S.
[New] ESQA Flawless Cushion Serum SPF 50+ PA+++ - Satin,01 Jul 2024,Devi
[New] ESQA Flawless Cushion Serum SPF 50+ PA+++ - Satin,01 Jul 2024,Dida M.
[New] ESQA Flawless Cushion Serum SPF 50+ PA+++ - Satin,29 Jun 2024,okah 7.
[New] ESQA Flawless Cushion Serum SPF 50+ PA+++ - Satin,29 Jun 2024,Tyas T.
[New] ESQA Flawless Cushion Serum SPF 50+ PA+++ - Satin,28 Jun 2024,Eka A.
[New] ESQA Flawless Cushion Serum SPF 50+ PA+++ - Satin,28 Jun 2024,Fera A.
[New] ESQA Flawless Cushion Serum SPF 50+ PA+++ - Satin,28 Jun 2024,ANTI D.
[New] ESQA Flawless Cushion Serum SPF 50+ PA+++ - Satin,27 Jun 2024,laila
[New] ESQA Flawless Cushion Serum SPF 50+ PA+++ - Satin,27 Jun 2024,8***2
[New] ESQA Flawless Cushion Serum SPF 50+ PA+++ - Satin,26 Jun 2024,A***a
[New] ESQA Flawless Cushion Serum SPF 50+ PA+++ - Satin,26 Jun 2024,AasAsriyanti
[New] ESQA Flawless Cushion Serum SPF 50+ PA+++ - Satin,25 Jun 2024,a***a
[New] ESQA Flawless Cushion Serum SPF 50+ PA+++ - Satin,24 Jun 2024,Jejelia N.
[New] ESQA Flawless Cushion Serum SPF 50+ PA+++ - Satin,24 Jun 2024,S***.
[New] ESQA Flawless Cushion Serum SPF 50+ PA+++ - Satin,24 Jun 2024,Evy K.
[New] ESQA Flawless Cushion Serum SPF 50+ PA+++ - Satin,22 Jun 2024,Q***a
[New] ESQA Flawless Cushion Serum SPF 50+ PA+++ - Satin,22 Jun 2024,Fitrah M.
[New] ESQA Flawless Cushion Serum SPF 50+ PA+++ - Satin,21 Jun 2024,Addam L.
[New] ESQA Flawless Cushion Serum SPF 50+ PA+++ - Satin,21 Jun 2024,Shannon G.
[New] ESQA Flawless Cushion Serum SPF 50+ PA+++ - Satin,21 Jun 2024,M I.
[New] ESQA Flawless Cushion Serum SPF 50+ PA+++ - Satin,21 Jun 2024,Sherly D.
[New] ESQA Flawless Cushion Serum SPF 50+ PA+++ - Satin,20 Jun 2024,a***h
[New] ESQA Flawless Cushion Serum SPF 50+ PA+++ - Satin,20 Jun 2024,Rana E.
[New] ESQA Flawless Cushion Serum SPF 50+ PA+++ - Satin,20 Jun 2024,Rosety 7.
[New] ESQA Flawless Cushion Serum SPF 50+ PA+++ - Satin,14 Jun 2024,D***.
[New] ESQA Flawless Cushion Serum SPF 50+ PA+++ - Satin,13 Jun 2024,lidia
[New] ESQA Flawless Cushion Serum SPF 50+ PA+++ - Satin,13 Jun 2024,D***a
[New] ESQA Flawless Cushion Serum SPF 50+ PA+++ - Satin,12 Jun 2024,R***u
[New] ESQA Flawless Cushion Serum SPF 50+ PA+++ - Satin,12 Jun 2024,E***.
[New] ESQA Flawless Cushion Serum SPF 50+ PA+++ - Satin,12 Jun 2024,Φοίβη Φ.
[New] ESQA Flawless Cushion Serum SPF 50+ PA+++ - Satin,11 Jun 2024,P***.
[New] ESQA Flawless Cushion Serum SPF 50+ PA+++ - Satin,11 Jun 2024,Marlin B.
[New] ESQA Flawless Cushion Serum SPF 50+ PA+++ - Satin,11 Jun 2024,K***.
[New] ESQA Flawless Cushion Serum SPF 50+ PA+++ - Satin,10 Jun 2024,Endah W.
[New] ESQA Flawless Cushion Serum SPF 50+ PA+++ - Satin,09 Jun 2024,Istianah
[New] ESQA Flawless Cushion Serum SPF 50+ PA+++ - Satin,09 Jun 2024,G***.
[New] ESQA Flawless Cushion Serum SPF 50+ PA+++ - Satin,09 Jun 2024,Reni S.
[New] ESQA Flawless Cushion Serum SPF 50+ PA+++ - Satin,08 Jun 2024,8***1
[New] ESQA Flawless Cushion Serum SPF 50+ PA+++ - Satin,06 Jun 2024,Noni Y.
[New] ESQA Flawless Cushion Serum SPF 50+ PA+++ - Satin,06 Jun 2024,********984
[New] ESQA Flawless Cushion Serum SPF 50+ PA+++ - Satin,04 Jun 2024,A***.
[New] ESQA Flawless Cushion Serum SPF 50+ PA+++ - Satin,03 Jun 2024,*********418
[New] ESQA Flawless Cushion Serum SPF 50+ PA+++ - Satin,03 Jun 2024,t***l
[New] ESQA Flawless Cushion Serum SPF 50+ PA+++ - Satin,03 Jun 2024,8***6
[New] ESQA Flawless Cushion Serum SPF 50+ PA+++ - Satin,02 Jun 2024,p***.
[New] ESQA Flawless Cushion Serum SPF 50+ PA+++ - Satin,01 Jun 2024,T***.
[New] ESQA Flawless Cushion Serum SPF 50+ PA+++ - Satin,01 Jun 2024,temmy A.
[New] ESQA Flawless Cushion Serum SPF 50+ PA+++ - Satin,30 Mei 2024,handi M.
[New] ESQA Flawless Cushion Serum SPF 50+ PA+++ - Satin,30 Mei 2024,Mella A.
[New] ESQA Flawless Cushion Serum SPF 50+ PA+++ - Satin,29 Mei 2024,Bebatikan J.
[New] ESQA Flawless Cushion Serum SPF 50+ PA+++ - Satin,29 Mei 2024,Maghfirah D.
[New] ESQA Flawless Cushion Serum SPF 50+ PA+++ - Satin,29 Mei 2024,agus S.
[New] ESQA Flawless Cushion Serum SPF 50+ PA+++ - Satin,28 Mei 2024,Tjokorda I.
[New] ESQA Flawless Cushion Serum SPF 50+ PA+++ - Satin,27 Mei 2024,Rere U.
[New] ESQA Flawless Cushion Serum SPF 50+ PA+++ - Satin,27 Mei 2024,yaya
[New] ESQA Flawless Cushion Serum SPF 50+ PA+++ - Satin,26 Mei 2024,N***.
[New] ESQA Flawless Cushion Serum SPF 50+ PA+++ - Satin,21 Mei 2024,A***y
[New] ESQA Flawless Cushion Serum SPF 50+ PA+++ - Satin,20 Mei 2024,margaretha
[New] ESQA Flawless Cushion Serum SPF 50+ PA+++ - Satin,20 Mei 2024,s***i
[New] ESQA Flawless Cushion Serum SPF 50+ PA+++ - Satin,19 Mei 2024,Siska O.
[New] ESQA Flawless Cushion Serum SPF 50+ PA+++ - Satin,14 Mei 2024,riana J.
[New] ESQA Flawless Cushion Serum SPF 50+ PA+++ - Satin,12 Mei 2024,Roza H.
[New] ESQA Flawless Cushion Serum SPF 50+ PA+++ - Satin,12 Mei 2024,agus A.
[New] ESQA Flawless Cushion Serum SPF 50+ PA+++ - Satin,10 Mei 2024,A***.
[New] ESQA Flawless Cushion Serum SPF 50+ PA+++ - Satin,09 Mei 2024,Fathur M.
[New] ESQA Flawless Cushion Serum SPF 50+ PA+++ - Satin,09 Mei 2024,V***.
[New] ESQA Flawless Cushion Serum SPF 50+ PA+++ - Satin,09 Mei 2024,d***.
[New] ESQA Flawless Cushion Serum SPF 50+ PA+++ - Satin,09 Mei 2024,Rivana N.
[New] ESQA Flawless Cushion Serum SPF 50+ PA+++ - Satin,09 Mei 2024,vaa
[New] ESQA Flawless Cushion Serum SPF 50+ PA+++ - Satin,09 Mei 2024,Tika D.
[New] ESQA Flawless Cushion Serum SPF 50+ PA+++ - Satin,09 Mei 2024,hera H.
[New] ESQA Flawless Cushion Serum SPF 50+ PA+++ - Satin,08 Mei 2024,hanan
[New] ESQA Flawless Cushion Serum SPF 50+ PA+++ - Satin,07 Mei 2024,Y***a
[New] ESQA Flawless Cushion Serum SPF 50+ PA+++ - Satin,07 Mei 2024,****6
[New] ESQA Flawless Cushion Serum SPF 50+ PA+++ - Satin,06 Mei 2024,Ai H.
[New] ESQA Flawless Cushion Serum SPF 50+ PA+++ - Satin,06 Mei 2024,Era D.
[New] ESQA Flawless Cushion Serum SPF 50+ PA+++ - Satin,05 Mei 2024,guest
[New] ESQA Flawless Cushion Serum SPF 50+ PA+++ - Satin,05 Mei 2024,Dewi G.
[New] ESQA Flawless Cushion Serum SPF 50+ PA+++ - Satin,04 Mei 2024,Nyoman N.
[New] ESQA Flawless Cushion Serum SPF 50+ PA+++ - Satin,30 Apr 2024,Syifa
[New] ESQA Flawless Cushion Serum SPF 50+ PA+++ - Satin,26 Apr 2024,D***.
[New] ESQA Flawless Cushion Serum SPF 50+ PA+++ - Satin,26 Apr 2024,****4
[New] ESQA Flawless Cushion Serum SPF 50+ PA+++ - Satin,23 Apr 2024,chusnul C.
[New] ESQA Flawless Cushion Serum SPF 50+ PA+++ - Satin,20 Apr 2024,levi L.
[New] ESQA Flawless Cushion Serum SPF 50+ PA+++ - Satin,20 Apr 2024,Novalinda P.
[New] ESQA Flawless Cushion Serum SPF 50+ PA+++ - Satin,18 Apr 2024,iin H.
[New] ESQA Flawless Cushion Serum SPF 50+ PA+++ - Satin,18 Apr 2024,A***.
[New] ESQA Flawless Cushion Serum SPF 50+ PA+++ - Satin,17 Apr 2024,r***.
[New] ESQA Flawless Cushion Serum SPF 50+ PA+++ - Satin,15 Apr 2024,8***0
[New] ESQA Flawless Cushion Serum SPF 50+ PA+++ - Satin,15 Apr 2024,ayunda M.
[New] ESQA Flawless Cushion Serum SPF 50+ PA+++ - Satin,15 Apr 2024,elizabeth I.
[New] ESQA Flawless Cushion Serum SPF 50+ PA+++ - Satin,15 Apr 2024,P***.
[New] ESQA Flawless Cushion Serum SPF 50+ PA+++ - Satin,14 Apr 2024,jack T.
[New] ESQA Flawless Cushion Serum SPF 50+ PA+++ - Satin,14 Apr 2024,Azarine
[New] ESQA Flawless Cushion Serum SPF 50+ PA+++ - Satin,14 Apr 2024,LYLIN G.
[New] ESQA Flawless Cushion Serum SPF 50+ PA+++ - Satin,13 Apr 2024,endit M.
[New] ESQA Flawless Cushion Serum SPF 50+ PA+++ - Satin,12 Apr 2024,tiara S.
[New] ESQA Flawless Cushion Serum SPF 50+ PA+++ - Satin,12 Apr 2024,Desti
[New] ESQA Flawless Cushion Serum SPF 50+ PA+++ - Satin,11 Apr 2024,Khoirotun N.
[New] ESQA Flawless Cushion Serum SPF 50+ PA+++ - Satin,10 Apr 2024,Anita P.
[New] ESQA Flawless Cushion Serum SPF 50+ PA+++ - Satin,09 Apr 2024,A***a
[New] ESQA Flawless Cushion Serum SPF 50+ PA+++ - Satin,08 Apr 2024,zaraa
[New] ESQA Flawless Cushion Serum SPF 50+ PA+++ - Satin,07 Apr 2024,M***i
[New] ESQA Flawless Cushion Serum SPF 50+ PA+++ - Satin,06 Apr 2024,Kristina S.
[New] ESQA Flawless Cushion Serum SPF 50+ PA+++ - Satin,06 Apr 2024,R***.
[New] ESQA Flawless Cushion Serum SPF 50+ PA+++ - Satin,06 Apr 2024,sri M.
[New] ESQA Flawless Cushion Serum SPF 50+ PA+++ - Satin,05 Apr 2024,Vie S.
[New] ESQA Flawless Cushion Serum SPF 50+ PA+++ - Satin,05 Apr 2024,vivi K.
[New] ESQA Flawless Cushion Serum SPF 50+ PA+++ - Satin,05 Apr 2024,vivi K.
[New] ESQA Flawless Cushion Serum SPF 50+ PA+++ - Satin,05 Apr 2024,S***.
[New] ESQA Flawless Cushion Serum SPF 50+ PA+++ - Satin,05 Apr 2024,Avisena
[New] ESQA Flawless Cushion Serum SPF 50+ PA+++ - Satin,05 Apr 2024,Sitiidahsaidah
[New] ESQA Flawless Cushion Serum SPF 50+ PA+++ - Satin,05 Apr 2024,N***a
[New] ESQA Flawless Cushion Serum SPF 50+ PA+++ - Satin,05 Apr 2024,Adhela
[New] ESQA Flawless Cushion Serum SPF 50+ PA+++ - Satin,04 Apr 2024,Iin V.
[New] ESQA Flawless Cushion Serum SPF 50+ PA+++ - Satin,04 Apr 2024,Meliana
[New] ESQA Flawless Cushion Serum SPF 50+ PA+++ - Satin,03 Apr 2024,n***.
[New] ESQA Flawless Cushion Serum SPF 50+ PA+++ - Satin,03 Apr 2024,A***.
[New] ESQA Flawless Cushion Serum SPF 50+ PA+++ - Satin,02 Apr 2024,s***.
[New] ESQA Flawless Cushion Serum SPF 50+ PA+++ - Satin,02 Apr 2024,nurlela H.
[New] ESQA Flawless Cushion Serum SPF 50+ PA+++ - Satin,01 Apr 2024,ailla
[New] ESQA Flawless Cushion Serum SPF 50+ PA+++ - Satin,31 Mar 2024,yaya
[New] ESQA Flawless Cushion Serum SPF 50+ PA+++ - Satin,31 Mar 2024,g***t
[New] ESQA Flawless Cushion Serum SPF 50+ PA+++ - Satin,31 Mar 2024,A***.
[New] ESQA Flawless Cushion Serum SPF 50+ PA+++ - Satin,31 Mar 2024,s***a
[New] ESQA Flawless Cushion Serum SPF 50+ PA+++ - Satin,30 Mar 2024,Francisca S.
[New] ESQA Flawless Cushion Serum SPF 50+ PA+++ - Satin,30 Mar 2024,R***.
[New] ESQA Flawless Cushion Serum SPF 50+ PA+++ - Satin,29 Mar 2024,M***.
[New] ESQA Flawless Cushion Serum SPF 50+ PA+++ - Satin,29 Mar 2024,I***.
[New] ESQA Flawless Cushion Serum SPF 50+ PA+++ - Satin,29 Mar 2024,Novi Y.
[New] ESQA Flawless Cushion Serum SPF 50+ PA+++ - Satin,28 Mar 2024,8***9
[New] ESQA Flawless Cushion Serum SPF 50+ PA+++ - Satin,27 Mar 2024,Khanza A.
[New] ESQA Flawless Cushion Serum SPF 50+ PA+++ - Satin,27 Mar 2024,8***1
[New] ESQA Flawless Cushion Serum SPF 50+ PA+++ - Satin,27 Mar 2024,Umyati K.
[New] ESQA Flawless Cushion Serum SPF 50+ PA+++ - Satin,26 Mar 2024,Inces Z.
[New] ESQA Flawless Cushion Serum SPF 50+ PA+++ - Satin,24 Mar 2024,I***a
[New] ESQA Flawless Cushion Serum SPF 50+ PA+++ - Satin,22 Mar 2024,hilda E.
[New] ESQA Flawless Cushion Serum SPF 50+ PA+++ - Satin,21 Mar 2024,Pera P.
[New] ESQA Flawless Cushion Serum SPF 50+ PA+++ - Satin,21 Mar 2024,Riana
[New] ESQA Flawless Cushion Serum SPF 50+ PA+++ - Satin,21 Mar 2024,Khanza A.
[New] ESQA Flawless Cushion Serum SPF 50+ PA+++ - Satin,19 Mar 2024,sufi N.
[New] ESQA Flawless Cushion Serum SPF 50+ PA+++ - Satin,19 Mar 2024,elanjulianoputra
[New] ESQA Flawless Cushion Serum SPF 50+ PA+++ - Satin,18 Mar 2024,alianisa
[New] ESQA Flawless Cushion Serum SPF 50+ PA+++ - Satin,16 Mar 2024,F***.
[New] ESQA Flawless Cushion Serum SPF 50+ PA+++ - Satin,16 Mar 2024,Kurnia N.
[New] ESQA Flawless Cushion Serum SPF 50+ PA+++ - Satin,16 Mar 2024,Anis S.
[New] ESQA Flawless Cushion Serum SPF 50+ PA+++ - Satin,15 Mar 2024,okah 7.
[New] ESQA Flawless Cushion Serum SPF 50+ PA+++ - Satin,14 Mar 2024,luki K.
[New] ESQA Flawless Cushion Serum SPF 50+ PA+++ - Satin,14 Mar 2024,handi M.
[New] ESQA Flawless Cushion Serum SPF 50+ PA+++ - Satin,13 Mar 2024,Rizka K.
[New] ESQA Flawless Cushion Serum SPF 50+ PA+++ - Satin,09 Mar 2024,0***8
[New] ESQA Flawless Cushion Serum SPF 50+ PA+++ - Satin,09 Mar 2024,Niaa
[New] ESQA Flawless Cushion Serum SPF 50+ PA+++ - Satin,09 Mar 2024,Krisna M.
[New] ESQA Flawless Cushion Serum SPF 50+ PA+++ - Satin,08 Mar 2024,B***.
[New] ESQA Flawless Cushion Serum SPF 50+ PA+++ - Satin,07 Mar 2024,z***a
[New] ESQA Flawless Cushion Serum SPF 50+ PA+++ - Satin,07 Mar 2024,D***a
[New] ESQA Flawless Cushion Serum SPF 50+ PA+++ - Satin,07 Mar 2024,8***2
[New] ESQA Flawless Cushion Serum SPF 50+ PA+++ - Satin,05 Mar 2024,N***.
[New] ESQA Flawless Cushion Serum SPF 50+ PA+++ - Satin,05 Mar 2024,*********353
[New] ESQA Flawless Cushion Serum SPF 50+ PA+++ - Satin,03 Mar 2024,NakeishaZukhruf
[New] ESQA Flawless Cushion Serum SPF 50+ PA+++ - Satin,29 Feb 2024,Nabilla A.
[New] ESQA Flawless Cushion Serum SPF 50+ PA+++ - Satin,27 Feb 2024,l***i
[New] ESQA Flawless Cushion Serum SPF 50+ PA+++ - Satin,24 Feb 2024,Dea
[New] ESQA Flawless Cushion Serum SPF 50+ PA+++ - Satin,24 Feb 2024,Juju J.
[New] ESQA Flawless Cushion Serum SPF 50+ PA+++ - Satin,22 Feb 2024,Taofik C.
[New] ESQA Flawless Cushion Serum SPF 50+ PA+++ - Satin,22 Feb 2024,8***3
[New] ESQA Flawless Cushion Serum SPF 50+ PA+++ - Satin,18 Feb 2024,Debora M.
[New] ESQA Flawless Cushion Serum SPF 50+ PA+++ - Satin,17 Feb 2024,dedem M.
[New] ESQA Flawless Cushion Serum SPF 50+ PA+++ - Satin,12 Feb 2024,guest
[New] ESQA Flawless Cushion Serum SPF 50+ PA+++ - Satin,09 Feb 2024,Retno W.
[New] ESQA Flawless Cushion Serum SPF 50+ PA+++ - Satin,07 Feb 2024,Agnes T.
[New] ESQA Flawless Cushion Serum SPF 50+ PA+++ - Satin,05 Feb 2024,8***2
[New] ESQA Flawless Cushion Serum SPF 50+ PA+++ - Satin,03 Feb 2024,Eva S.
[New] ESQA Flawless Cushion Serum SPF 50+ PA+++ - Satin,03 Feb 2024,S***y
[New] ESQA Flawless Cushion Serum SPF 50+ PA+++ - Satin,02 Feb 2024,Pitra D.
[New] ESQA Flawless Cushion Serum SPF 50+ PA+++ - Satin,01 Feb 2024,F***i
[New] ESQA Flawless Cushion Serum SPF 50+ PA+++ - Satin,31 Jan 2024,Ayu
[New] ESQA Flawless Cushion Serum SPF 50+ PA+++ - Satin,29 Jan 2024,Desy K.
[New] ESQA Flawless Cushion Serum SPF 50+ PA+++ - Satin,27 Jan 2024,firda M.
[New] ESQA Flawless Cushion Serum SPF 50+ PA+++ - Satin,21 Jan 2024,8***0
[New] ESQA Flawless Cushion Serum SPF 50+ PA+++ - Satin,17 Jan 2024,Eka P.
[New] ESQA Flawless Cushion Serum SPF 50+ PA+++ - Satin,16 Jan 2024,Regi N.
[New] ESQA Flawless Cushion Serum SPF 50+ PA+++ - Satin,16 Jan 2024,i***a
[New] ESQA Flawless Cushion Serum SPF 50+ PA+++ - Satin,12 Jan 2024,nofia H.
[New] ESQA Flawless Cushion Serum SPF 50+ PA+++ - Satin,09 Jan 2024,annisa
[New] ESQA Flawless Cushion Serum SPF 50+ PA+++ - Satin,07 Jan 2024,A***.
[New] ESQA Flawless Cushion Serum SPF 50+ PA+++ - Satin,06 Jan 2024,Wenny F.
[New] ESQA Flawless Cushion Serum SPF 50+ PA+++ - Satin,05 Jan 2024,anisyhn
[New] ESQA Flawless Cushion Serum SPF 50+ PA+++ - Satin,05 Jan 2024,8***6
[New] ESQA Flawless Cushion Serum SPF 50+ PA+++ - Satin,05 Jan 2024,8***4
[New] ESQA Flawless Cushion Serum SPF 50+ PA+++ - Satin,05 Jan 2024,A***n
[New] ESQA Flawless Cushion Serum SPF 50+ PA+++ - Satin,05 Jan 2024,Ikha
[New] ESQA Flawless Cushion Serum SPF 50+ PA+++ - Satin,05 Jan 2024,pradinda K.
[New] ESQA Flawless Cushion Serum SPF 50+ PA+++ - Satin,04 Jan 2024,a***.
[New] ESQA Flawless Cushion Serum SPF 50+ PA+++ - Satin,04 Jan 2024,Vania S.
[New] ESQA Flawless Cushion Serum SPF 50+ PA+++ - Satin,02 Jan 2024,0***0
[New] ESQA Flawless Cushion Serum SPF 50+ PA+++ - Satin,01 Jan 2024,Winoto H.
ESQA Flawless Setting Powder,1 minggu lalu,8***3
ESQA Flawless Setting Powder,2 minggu lalu,Yeni N.
ESQA Flawless Setting Powder,2 minggu lalu,T***a
ESQA Flawless Setting Powder,2 minggu lalu,Mira A.
ESQA Flawless Setting Powder,2 minggu lalu,8***5
ESQA Flawless Setting Powder,2 minggu lalu,AURA F.
ESQA Flawless Setting Powder,3 minggu lalu,B***.
ESQA Flawless Setting Powder,4 minggu lalu,D***.
ESQA Flawless Setting Powder,19 Okt 2024,D***.
ESQA Flawless Setting Powder,15 Okt 2024,Trigiyati
ESQA Flawless Setting Powder,29 Sep 2024,Maftuhii
ESQA Flawless Setting Powder,19 Sep 2024,Emalia S.
ESQA Flawless Setting Powder,09 Sep 2024,B.Kristin R.
ESQA Flawless Setting Powder,02 Sep 2024,R***.
ESQA Flawless Setting Powder,25 Agt 2024,Memei
ESQA Flawless Setting Powder,16 Agt 2024,dhebi D.
ESQA Flawless Setting Powder,14 Agt 2024,Anno H.
ESQA Flawless Setting Powder,10 Agt 2024,Zalfa H.
ESQA Flawless Setting Powder,08 Agt 2024,S***.
ESQA Flawless Setting Powder,06 Agt 2024,ayu R.
ESQA Flawless Setting Powder,28 Jul 2024,nia F.
ESQA Flawless Setting Powder,22 Jul 2024,Eri E.
ESQA Flawless Setting Powder,18 Jul 2024,********910
ESQA Flawless Setting Powder,18 Jul 2024,Cenisa
ESQA Flawless Setting Powder,15 Jul 2024,oyik
ESQA Flawless Setting Powder,15 Jul 2024,Wendy A.
ESQA Flawless Setting Powder,12 Jul 2024,lela
ESQA Flawless Setting Powder,12 Jul 2024,Ainun
ESQA Flawless Setting Powder,11 Jul 2024,*********284
ESQA Flawless Setting Powder,08 Jul 2024,K***.
ESQA Flawless Setting Powder,07 Jul 2024,Silvia L.
ESQA Flawless Setting Powder,03 Jul 2024,Rosmala S.
ESQA Flawless Setting Powder,03 Jul 2024,anis
ESQA Flawless Setting Powder,01 Jul 2024,****4
ESQA Flawless Setting Powder,30 Jun 2024,Maii S.
ESQA Flawless Setting Powder,28 Jun 2024,Melissa M.
ESQA Flawless Setting Powder,28 Jun 2024,l***e
ESQA Flawless Setting Powder,26 Jun 2024,acikululule
ESQA Flawless Setting Powder,23 Jun 2024,I***.
ESQA Flawless Setting Powder,19 Jun 2024,Anis S.
ESQA Flawless Setting Powder,16 Jun 2024,Ayu
ESQA Flawless Setting Powder,14 Jun 2024,0***5
ESQA Flawless Setting Powder,14 Jun 2024,titin I.
ESQA Flawless Setting Powder,10 Jun 2024,A***.
ESQA Flawless Setting Powder,10 Jun 2024,maya E.
ESQA Flawless Setting Powder,09 Jun 2024,S***y
ESQA Flawless Setting Powder,06 Jun 2024,nancya
ESQA Flawless Setting Powder,29 Mei 2024,Nelly
ESQA Flawless Setting Powder,29 Mei 2024,N***l
ESQA Flawless Setting Powder,25 Mei 2024,****2
ESQA Flawless Setting Powder,21 Mei 2024,Desy
ESQA Flawless Setting Powder,20 Mei 2024,Dewi E.
ESQA Flawless Setting Powder,18 Mei 2024,Cindy K.
ESQA Flawless Setting Powder,17 Mei 2024,Mee L.
ESQA Flawless Setting Powder,10 Mei 2024,0***1
ESQA Flawless Setting Powder,09 Mei 2024,Fathur M.
ESQA Flawless Setting Powder,08 Mei 2024,Nurlaelazahroh
ESQA Flawless Setting Powder,06 Mei 2024,Ai H.
ESQA Flawless Setting Powder,05 Mei 2024,8***6
ESQA Flawless Setting Powder,24 Apr 2024,Novi W.
ESQA Flawless Setting Powder,18 Apr 2024,*********127
ESQA Flawless Setting Powder,18 Apr 2024,ResaDarwis
ESQA Flawless Setting Powder,17 Apr 2024,Sunarti
ESQA Flawless Setting Powder,10 Apr 2024,s***y
ESQA Flawless Setting Powder,09 Apr 2024,A***a
ESQA Flawless Setting Powder,07 Apr 2024,riana D.
ESQA Flawless Setting Powder,07 Apr 2024,d***s
ESQA Flawless Setting Powder,07 Apr 2024,8***9
ESQA Flawless Setting Powder,06 Apr 2024,S***y
ESQA Flawless Setting Powder,05 Apr 2024,Zahra N.
ESQA Flawless Setting Powder,05 Apr 2024,riana D.
ESQA Flawless Setting Powder,05 Apr 2024,H***.
ESQA Flawless Setting Powder,03 Apr 2024,Arliana M.
ESQA Flawless Setting Powder,02 Apr 2024,L***y
ESQA Flawless Setting Powder,31 Mar 2024,Irna O.
ESQA Flawless Setting Powder,30 Mar 2024,nurul F.
ESQA Flawless Setting Powder,30 Mar 2024,Rini R.
ESQA Flawless Setting Powder,29 Mar 2024,*******280
ESQA Flawless Setting Powder,28 Mar 2024,Edi S.
ESQA Flawless Setting Powder,27 Mar 2024,Mafunatus S.
ESQA Flawless Setting Powder,22 Mar 2024,hilda E.
ESQA Flawless Setting Powder,16 Mar 2024,Siti M.
ESQA Flawless Setting Powder,09 Mar 2024,zahra N.
ESQA Flawless Setting Powder,09 Mar 2024,g***t
ESQA Flawless Setting Powder,09 Mar 2024,marselina D.
ESQA Flawless Setting Powder,08 Mar 2024,Rini
ESQA Flawless Setting Powder,08 Mar 2024,Kai A.
ESQA Flawless Setting Powder,08 Mar 2024,G***.
ESQA Flawless Setting Powder,06 Mar 2024,H***n
ESQA Flawless Setting Powder,02 Mar 2024,Martina T.
ESQA Flawless Setting Powder,01 Mar 2024,s***.
ESQA Flawless Setting Powder,23 Feb 2024,L***z
ESQA Flawless Setting Powder,22 Feb 2024,R***.
ESQA Flawless Setting Powder,16 Feb 2024,Astri D.
ESQA Flawless Setting Powder,12 Feb 2024,guest
ESQA Flawless Setting Powder,11 Feb 2024,****7
ESQA Flawless Setting Powder,06 Feb 2024,D***.
ESQA Flawless Setting Powder,03 Feb 2024,Shirley
ESQA Flawless Setting Powder,03 Feb 2024,S***a
ESQA Flawless Setting Powder,27 Jan 2024,g***t
ESQA Flawless Setting Powder,18 Jan 2024,C***.
ESQA Flawless Setting Powder,14 Jan 2024,S***a
ESQA Flawless Setting Powder,11 Jan 2024,Titi W.
ESQA Flawless Setting Powder,08 Jan 2024,Ika S.
ESQA Flawless Setting Powder,05 Jan 2024,Ikha
ESQA Flawless Setting Powder,04 Jan 2024,*********160
ESQA Flawless Setting Powder,04 Jan 2024,Atin P.
ESQA Flawless Setting Powder,03 Jan 2024,Shanti E.
ESQA Flawless Setting Powder,03 Jan 2024,Sri M.
ESQA Flawless Setting Powder,01 Jan 2024,H***.
ESQA Flawless Setting Powder,01 Jan 2024,S***.
